,Unix,open,high,low,close,EMA_50,EMA_200,RSI
0,1604188800000,0.416,0.423,0.388,0.401,,,
1,1604275200000,0.402,0.425,0.356,0.361,,,
2,1604361600000,0.36,0.37,0.34,0.356,,,
3,1604448000000,0.356,0.378,0.33,0.342,,,
4,1604534400000,0.342,0.385,0.331,0.36,,,
5,1604620800000,0.362,0.448,0.356,0.438,,,
6,1604707200000,0.437,0.548,0.395,0.43,,,
7,1604793600000,0.429,0.49,0.419,0.471,,,
8,1604880000000,0.471,0.496,0.422,0.454,,,
9,1604966400000,0.454,0.601,0.443,0.566,,,
10,1605052800000,0.565,0.655,0.531,0.544,,,
11,1605139200000,0.544,0.595,0.512,0.563,,,
12,1605225600000,0.564,0.699,0.546,0.684,,,
13,1605312000000,0.683,0.747,0.595,0.71,,,
14,1605398400000,0.71,0.845,0.704,0.78,,,82.06429780033842
15,1605484800000,0.779,0.841,0.691,0.825,,,83.42355347046797
16,1605571200000,0.824,0.91,0.802,0.876,,,84.82700207512812
17,1605657600000,0.876,0.888,0.692,0.759,,,70.1529129103887
18,1605744000000,0.757,0.845,0.71,0.801,,,72.02382541065042
19,1605830400000,0.803,0.957,0.792,0.857,,,74.33394305575554
20,1605916800000,0.857,0.897,0.79,0.853,,,73.86476280502681
21,1606003200000,0.853,0.873,0.692,0.746,,,62.5004281442842
22,1606089600000,0.747,0.804,0.713,0.742,,,62.115686767108755
23,1606176000000,0.742,0.796,0.659,0.686,,,56.84029246708646
24,1606262400000,0.685,0.757,0.625,0.641,,,52.94877719169882
25,1606348800000,0.641,0.663,0.485,0.594,,,49.16287220397099
26,1606435200000,0.594,0.644,0.543,0.641,,,52.79752732504147
27,1606521600000,0.642,0.65,0.587,0.608,,,50.089638289999996
28,1606608000000,0.609,0.688,0.592,0.656,,,53.80122586987037
29,1606694400000,0.656,0.73,0.656,0.675,,,55.22075024843858
30,1606780800000,0.675,0.76,0.628,0.679,,,55.53053878633267
31,1606867200000,0.68,0.819,0.66,0.801,,,63.764476766822256
32,1606953600000,0.8,0.858,0.767,0.829,,,65.35020681119849
33,1607040000000,0.829,0.835,0.668,0.685,,,52.60112531445944
34,1607126400000,0.684,0.742,0.668,0.741,,,56.18128034328333
35,1607212800000,0.741,0.748,0.67,0.702,,,53.169274568042354
36,1607299200000,0.703,0.744,0.684,0.708,,,53.581586391309024
37,1607385600000,0.707,0.711,0.588,0.609,,,46.33299086900574
38,1607472000000,0.608,0.642,0.562,0.633,,,48.16375568471354
39,1607558400000,0.634,0.642,0.581,0.599,,,45.78108717424256
40,1607644800000,0.601,0.603,0.535,0.557,,,42.95422750252317
41,1607731200000,0.557,0.599,0.556,0.591,,,45.868196679673595
42,1607817600000,0.592,0.637,0.576,0.617,,,48.05342838247565
43,1607904000000,0.616,0.643,0.592,0.638,,,49.81558495390333
44,1607990400000,0.638,0.672,0.622,0.628,,,48.96380357938091
45,1608076800000,0.629,0.653,0.595,0.651,,,51.03747174048755
46,1608163200000,0.651,0.687,0.614,0.655,,,51.407256677215116
47,1608249600000,0.655,0.656,0.621,0.645,,,50.382802832001914
48,1608336000000,0.644,0.7,0.639,0.664,,,52.326735183313986
49,1608422400000,0.665,0.667,0.607,0.616,0.6517150621356518,,47.28642020921662
50,1608508800000,0.616,0.629,0.54,0.558,0.6474908410551692,,42.019504107380826
51,1608595200000,0.558,0.571,0.509,0.558,0.6434805257232351,,42.019504107380826
52,1608681600000,0.558,0.57,0.385,0.42,0.6335215265846991,,32.14084997440519
53,1608768000000,0.42,0.481,0.407,0.479,0.6266721852730633,,38.76877262042797
54,1608854400000,0.478,0.537,0.463,0.489,0.6206007378506122,,39.84127996458227
55,1608940800000,0.489,0.493,0.448,0.47,0.6139914184728013,,38.46278151473994
56,1609027200000,0.471,0.516,0.438,0.472,0.6077889008367923,,38.70320221890239
57,1609113600000,0.473,0.524,0.468,0.498,0.6030143906652227,,41.88206799685627
58,1609200000000,0.498,0.513,0.442,0.474,0.5974276693198585,,39.82876149232206
59,1609286400000,0.475,0.598,0.466,0.582,0.5967623231538277,,51.38019914012661
60,1609372800000,0.582,0.641,0.518,0.627,0.5980612972543372,,55.23628463909884
61,1609459200000,0.628,0.677,0.605,0.62,0.5990002428706765,,54.51202216899139
62,1609545600000,0.621,0.625,0.564,0.613,0.5995972736764835,,53.75299232596406
63,1609632000000,0.613,0.696,0.586,0.677,0.6028868909068154,,59.328939750493625
64,1609718400000,0.678,0.733,0.581,0.676,0.6059840273073286,,59.208816763207274
65,1609804800000,0.676,0.728,0.623,0.688,0.6094474039106015,,60.248915217305395
66,1609891200000,0.688,0.785,0.67,0.731,0.6145649200460513,,63.80989780523164
67,1609977600000,0.732,0.79,0.682,0.716,0.6188231761561243,,61.732395649317006
68,1610064000000,0.719,0.735,0.62,0.694,0.6219704074197777,,58.713107211562374
69,1610150400000,0.694,0.8,0.668,0.767,0.6280259424017557,,64.85545328456116
70,1610236800000,0.767,0.842,0.698,0.754,0.6332725202475358,,63.05635004187934
71,1610323200000,0.753,0.756,0.531,0.622,0.6328041805902971,,48.380709066326794
72,1610409600000,0.623,0.673,0.59,0.624,0.6324392438877173,,48.575996761808824
73,1610496000000,0.624,0.693,0.603,0.687,0.6346957657513176,,54.42503459780054
74,1610582400000,0.686,0.8,0.662,0.796,0.6413527196372126,,62.39467197864468
75,1610668800000,0.798,1.198,0.786,1.149,0.6622601556209339,,76.64092688040662
76,1610755200000,1.147,1.267,1.033,1.108,0.6805818554062806,,73.17356341361682
77,1610841600000,1.108,1.79,1.053,1.691,0.7220358247694055,,84.15262672737339
78,1610928000000,1.69,1.783,1.385,1.605,0.7581953177605272,,79.01540121301599
79,1611014400000,1.605,1.664,1.311,1.331,0.7816123698524731,,65.33122779297872
80,1611100800000,1.33,1.649,1.257,1.629,0.8161971467360734,,71.1776098971504
81,1611187200000,1.628,1.93,1.45,1.681,0.8514363957166499,,72.0629320312297
82,1611273600000,1.679,2.13,1.415,1.963,0.8966614139942221,,76.3123027592828
83,1611360000000,1.965,2.3,1.911,2.14,0.9471735562034893,,78.52067955928148
84,1611446400000,2.139,2.35,2.036,2.26,1.0004336022579021,,79.8895571968064
85,1611532800000,2.26,2.311,1.967,2.005,1.041132770404247,,69.72116385513525
86,1611619200000,2.006,2.24,1.82,2.146,1.0858374948326397,,71.85438866208159
87,1611705600000,2.146,2.148,1.736,1.814,1.1152634706682627,,60.96333667652958
88,1611792000000,1.815,2.202,1.75,2.08,1.15420314877352,,65.4781410985825
89,1611878400000,2.08,2.131,1.856,2.046,1.1901575097361805,,64.45205225188442
90,1611964800000,2.046,2.672,1.885,2.548,1.2448411108200805,,71.54277698897266
91,1612051200000,2.548,2.849,2.282,2.511,1.2957785642967814,,70.42770648208497
92,1612137600000,2.514,2.69,2.3,2.54,1.3457827608179518,,70.81170209513242
93,1612224000000,2.539,2.756,2.42,2.5,1.392124653623708,,69.47172911881535
94,1612310400000,2.5,2.704,2.4,2.637,1.4420598168177121,,71.46348967882939
95,1612396800000,2.637,3.205,2.546,3.026,1.5055388117727,,76.20971438201826
96,1612483200000,3.027,3.369,3.02,3.263,1.575911357712426,,78.55043387755273
97,1612569600000,3.263,3.666,3.0,3.15,1.6388892207397057,,74.77289706929987
98,1612656000000,3.146,3.195,2.65,2.981,1.6925432896194414,,69.3976569583316
99,1612742400000,2.98,3.239,2.849,3.06,1.7471690144288867,,70.4664518213036
100,1612828800000,3.062,3.286,2.938,3.175,1.8041648284193115,,71.99951704858081
101,1612915200000,3.175,3.385,2.852,3.087,1.8553368078877008,,69.04591153988132
102,1613001600000,3.09,3.57,3.0,3.562,1.9233693243240693,,75.00601758283419
103,1613088000000,3.559,3.618,3.211,3.387,1.9816761277927037,,69.68261250485375
104,1613174400000,3.388,3.52,3.125,3.289,2.0337237781091555,,66.82246387333207
105,1613260800000,3.29,3.407,2.928,2.955,2.0703800879940175,,58.07366404336288
106,1613347200000,2.955,3.019,2.08,2.717,2.096093470147517,,52.77163925538011
107,1613433600000,2.719,2.863,2.538,2.674,2.119061771100474,,51.85057009012972
108,1613520000000,2.673,2.88,2.487,2.786,2.1455545496520174,,54.097858719798516
109,1613606400000,2.787,3.026,2.718,2.811,2.1719746276577006,,54.60714487978612
110,1613692800000,2.809,2.875,2.561,2.63,2.1901506836848244,,50.259350006211214
111,1613779200000,2.631,3.269,2.564,2.888,2.2178308468872054,,55.676595331072406
112,1613865600000,2.888,3.08,2.812,2.905,2.245075141807014,,56.01651056385124
113,1613952000000,2.905,2.912,2.023,2.58,2.2583482293721118,,48.378062828007955
114,1614038400000,2.582,2.606,1.71,2.138,2.253580798927458,,40.324599057700375
115,1614124800000,2.139,2.397,2.0,2.152,2.249558415251577,,40.661545531114434
116,1614211200000,2.153,2.336,1.987,2.007,2.2399572871221176,,38.25247372442681
117,1614297600000,2.009,2.097,1.793,1.921,2.2273367143597453,,36.85768307608376
118,1614384000000,1.925,2.105,1.915,1.964,2.2169206208168166,,38.07353442969124
119,1614470400000,1.962,1.984,1.62,1.769,2.199209441023335,,34.80087390507286
120,1614556800000,1.767,2.009,1.752,2.001,2.191374611320943,,41.26906355999026
121,1614643200000,2.001,2.595,1.981,2.508,2.203886282731679,,52.385899840711325
122,1614729600000,2.507,2.64,2.257,2.279,2.206853563063618,,47.969283059456174
123,1614816000000,2.278,2.386,2.012,2.086,2.202080758448737,,44.55953369258495
124,1614902400000,2.083,2.116,1.91,2.052,2.1961553399681875,,43.96662387803711
125,1614988800000,2.054,2.172,1.913,2.047,2.1902680235545753,,43.8741683953145
126,1615075200000,2.048,2.266,2.043,2.245,2.1924278000874358,,48.493229835269005
127,1615161600000,2.245,2.41,2.033,2.395,2.200419534112623,,51.733963490525134
128,1615248000000,2.395,2.485,2.274,2.406,2.2085280377321093,,51.972609470028175
129,1615334400000,2.406,2.483,2.171,2.212,2.208664947865132,,47.51091706103316
130,1615420800000,2.215,2.226,2.048,2.173,2.2072588751182445,,46.64401783137534
131,1615507200000,2.174,2.232,1.96,2.059,2.201415063325209,,44.11039988658952
132,1615593600000,2.059,2.382,1.977,2.378,2.2083739869533328,,51.97198819914578
133,1615680000000,2.381,2.402,2.103,2.107,2.2043797734793684,,46.0463177804131
134,1615766400000,2.108,2.36,2.041,2.224,2.2051526825203305,,48.762490765097176
135,1615852800000,2.224,2.618,2.093,2.596,2.220546782294193,,56.29602899628766
136,1615939200000,2.594,2.6,2.277,2.425,2.228598099609568,,52.47646810200032
137,1616025600000,2.423,2.799,2.405,2.609,2.243575775331887,,55.94049818374995
138,1616112000000,2.608,2.795,2.477,2.746,2.2633547545450226,,58.37343561971704
139,1616198400000,2.746,2.973,2.683,2.702,2.280620326945189,,57.27946142610044
140,1616284800000,2.705,2.764,2.513,2.594,2.2929535111221355,,54.57582734150782
141,1616371200000,2.593,2.704,2.327,2.352,2.295276985013686,,48.99524852853523
142,1616457600000,2.352,3.277,2.22,2.882,2.318361383118113,,58.90592527513695
143,1616544000000,2.881,2.987,2.366,2.519,2.326254416903799,,51.52179872821616
144,1616630400000,2.516,2.729,2.308,2.384,2.3285258210573834,,49.05877457079421
145,1616716800000,2.386,2.646,2.382,2.622,2.34006816109947,,53.297592795080476
146,1616803200000,2.621,3.2,2.556,3.123,2.3708573521937186,,60.709190434443315
147,1616889600000,3.123,3.39,2.916,3.024,2.3965396971741058,,58.72590846292544
148,1616976000000,3.022,3.577,2.991,3.523,2.4408287821651458,,64.94260537359995
149,1617062400000,3.52,3.528,3.146,3.286,2.474055045286844,,60.297317362290045
150,1617148800000,3.285,3.297,2.95,3.134,2.4999969720690927,,57.45862647568681
151,1617235200000,3.134,3.483,3.043,3.32,2.5322276432495316,,59.94373093163927
152,1617321600000,3.319,3.539,3.221,3.348,2.5642891443548166,,60.319516301695785
153,1617408000000,3.346,3.408,2.893,2.922,2.578346689759291,,52.283027375564274
154,1617494400000,2.922,3.122,2.854,3.103,2.598963134439575,,55.024822771645646
155,1617580800000,3.105,3.5,2.91,3.316,2.627137116703531,,58.07759276924796
156,1617667200000,3.317,3.4,3.001,3.181,2.6488979624260023,,55.50601253349432
157,1617753600000,3.182,3.384,2.722,2.895,2.6585664107217646,,50.41325330281939
158,1617840000000,2.896,3.099,2.851,3.074,2.6748861228652188,,53.30120841706615
159,1617926400000,3.074,3.14,2.929,2.98,2.6868712699671584,,51.601605214098626
160,1618012800000,2.979,3.056,2.862,2.961,2.697638590508555,,51.245908288567165
161,1618099200000,2.961,3.212,2.886,3.111,2.713873721968307,,53.94499052541003
162,1618185600000,3.111,3.124,2.932,3.032,2.726367658208092,,52.30270115801385
163,1618272000000,3.032,3.192,2.972,3.12,2.7418260888619956,,53.98326354444899
164,1618358400000,3.12,3.299,2.976,3.156,2.758090308882951,,54.68664606930229
165,1618444800000,3.156,4.15,3.138,4.028,2.807955806800658,,67.6038353708796
166,1618531200000,4.029,4.65,3.683,3.91,2.851227517414246,,64.90742253789344
167,1618617600000,3.913,4.34,3.75,3.784,2.8878509784782675,,62.060951929055875
168,1618704000000,3.784,3.868,2.4,3.223,2.9010093171459177,,51.27835390385551
169,1618790400000,3.22,3.482,2.769,2.821,2.8978682015404815,,45.21595431072464
170,1618876800000,2.822,3.1,2.57,3.027,2.9029376134855456,,48.57133343505906
171,1618963200000,3.026,3.162,2.822,2.887,2.902311966369726,,46.48747159424849
172,1619049600000,2.889,3.31,2.672,2.752,2.8964115562281334,,44.50464535911479
173,1619136000000,2.755,2.858,2.224,2.641,2.886385910290216,,42.88497086371844
174,1619222400000,2.641,2.648,2.349,2.376,2.866352525517407,,39.21562137549472
175,1619308800000,2.374,2.55,2.195,2.382,2.847341668544453,,39.342171005895274
176,1619395200000,2.384,2.838,2.347,2.781,2.844737844723517,,47.21271189432653
177,1619481600000,2.777,3.198,2.71,3.128,2.855855147309233,,52.93250200256663
178,1619568000000,3.127,3.213,2.812,3.036,2.862925139862752,,51.34401521958921
179,1619654400000,3.036,3.249,2.891,3.022,2.8691680260489436,,51.09274252916896
180,1619740800000,3.02,3.393,2.956,3.338,2.887566778559383,,56.2922011618702
181,1619827200000,3.338,3.49,3.167,3.403,2.9077937726912895,,57.29784810032812
182,1619913600000,3.408,3.419,3.091,3.279,2.9223605157796664,,54.711663440922706
183,1620000000000,3.276,3.378,3.18,3.245,2.9350210913089656,,53.99206032511232
184,1620086400000,3.245,3.249,2.807,2.821,2.9305469438262,,45.88671207665645
185,1620172800000,2.826,3.15,2.744,3.095,2.9369998692331407,,51.005407816871205
186,1620259200000,3.095,3.42,3.017,3.242,2.9489674047125978,,53.544308859496304
187,1620345600000,3.24,3.9,3.109,3.65,2.9764737761893825,,59.77481326518058
188,1620432000000,3.653,3.969,3.463,3.566,2.9996044877065446,,58.048656398957256
189,1620518400000,3.568,3.6,3.245,3.447,3.0171581856310272,,55.599128582542626
190,1620604800000,3.448,3.698,2.8,3.089,3.019976865606013,,48.912180161881686
191,1620691200000,3.09,3.348,2.957,3.312,3.0314340407381453,,52.72623310827251
192,1620777600000,3.31,3.889,3.147,3.326,3.0429907712825117,,52.963649566150295
193,1620864000000,3.311,4.264,3.0,3.366,3.0556631985096163,,53.6794321478375
194,1620950400000,3.367,3.833,3.311,3.677,3.0800393249549742,,58.91448771664073
195,1621036800000,3.681,3.9,3.157,3.219,3.085490907068359,,49.95966991778079
196,1621123200000,3.216,3.5,3.0,3.272,3.0928077537105194,,50.889921361384246
197,1621209600000,3.272,3.274,2.85,3.08,3.0923053064613875,,47.44868568704543
198,1621296000000,3.088,3.605,3.036,3.489,3.1078673888944253,,54.5060571509004
199,1621382400000,3.492,3.579,1.5,1.943,3.0621710017366084,2.4588143212590636,35.240765347336264
200,1621468800000,1.952,2.435,1.623,2.202,3.028427941555063,2.4558635980022663,39.12280876857384
201,1621555200000,2.203,2.345,1.521,1.846,2.98204387002335,2.4488672100158326,35.93419768622236
202,1621641600000,1.844,1.994,1.54,1.628,2.928928324122026,2.43946448635945,34.101318360380304
203,1621728000000,1.629,1.712,1.057,1.32,2.865815073643566,2.426660705419176,31.64539218181752
204,1621814400000,1.319,1.65,1.274,1.626,2.8171815319008777,2.4175168144134562,36.53562504381767
205,1621900800000,1.628,1.705,1.389,1.612,2.7699070497523968,2.408330969419839,36.40729114064736
206,1621987200000,1.611,1.93,1.574,1.894,2.7355490522671713,2.4024742229477436,40.90971813160159
207,1622073600000,1.893,1.932,1.648,1.757,2.6971652398604435,2.39513467897077,39.448464512210904
208,1622160000000,1.756,1.793,1.5,1.589,2.6536976174593305,2.3859813032802633,37.671473941001054
209,1622246400000,1.59,1.753,1.48,1.742,2.617936737265934,2.3786793769483303,40.30861585891978
210,1622332800000,1.74,1.8,1.615,1.679,2.581107740786764,2.37075690568156,39.566271229454735
211,1622419200000,1.679,1.968,1.599,1.956,2.556588627843467,2.3660670502578536,44.413575978092275
212,1622505600000,1.956,2.08,1.784,2.05,2.536718448746997,2.3624979724663793,45.99655502533967
213,1622592000000,2.049,2.518,1.983,2.333,2.5287279605878616,2.3621653232037163,50.56130210714076
214,1622678400000,2.333,2.747,2.297,2.503,2.527718835384132,2.363751414465972,53.124534692922964
215,1622764800000,2.502,2.788,2.152,2.686,2.5339270367637394,2.367375848865342,55.78222705719782
216,1622851200000,2.681,2.9,2.4,2.531,2.533812231519598,2.3692137988229596,53.03925235460228
217,1622937600000,2.529,2.621,2.402,2.457,2.5307994957768924,2.3701986166547164,51.73138187353582
218,1623024000000,2.458,2.573,2.119,2.151,2.51590306361106,2.3677426805213573,46.61282897692837
219,1623110400000,2.151,2.379,1.982,2.315,2.508023325752911,2.3671524832019855,49.496977313893126
220,1623196800000,2.314,2.584,2.162,2.525,2.5086891740005224,2.3689166297117086,52.99846689951983
221,1623283200000,2.525,2.54,2.21,2.265,2.4991314074710314,2.367756651530357,48.513712036152995
222,1623369600000,2.264,2.308,2.062,2.162,2.4859088023571414,2.365462656571712,46.82332477536275
223,1623456000000,2.162,2.29,2.003,2.086,2.4702240919891674,2.3623506390769733,45.56183435517482
224,1623542400000,2.085,2.271,2.052,2.205,2.459821865008414,2.360600501378629,47.927473045024016
225,1623628800000,2.205,2.323,2.15,2.273,2.4524946496137736,2.3596273027641668,49.28372055092285
226,1623715200000,2.271,2.356,2.192,2.236,2.444003697222118,2.358255454382609,48.54286557227515
227,1623801600000,2.237,2.254,2.041,2.075,2.4295313818606243,2.3551158681658557,45.34838413052386
228,1623888000000,2.074,2.174,2.01,2.096,2.4164503458667115,2.352247095952998,45.84894852597069
229,1623974400000,2.096,2.137,1.842,1.925,2.397175838186999,2.347522175040071,42.44019341676916
230,1624060800000,1.925,1.97,1.854,1.854,2.3758727594200946,2.3420703634025704,41.07470568194239
231,1624147200000,1.853,1.959,1.744,1.921,2.3580329501108666,2.337424002860268,42.94039925266798
232,1624233600000,1.92,1.949,1.418,1.446,2.322263750631213,2.3275981136120896,34.58092986238566
233,1624320000000,1.446,1.591,1.216,1.404,2.2862503105767247,2.3174284854731897,33.95155034033068
234,1624406400000,1.403,1.579,1.337,1.504,2.255571293095553,2.308481411453891,36.896415173538635
235,1624492800000,1.506,1.725,1.441,1.681,2.2330372967653522,2.3015868412669342,41.83940302595792
236,1624579200000,1.683,1.74,1.43,1.44,2.201935422870774,2.292129804683032,37.528883512561855
237,1624665600000,1.44,1.514,1.365,1.491,2.1740535592786934,2.283345376019133,38.96200243592183
238,1624752000000,1.49,1.6,1.437,1.587,2.151030230160717,2.2757176545179845,41.674367609504905
239,1624838400000,1.587,1.667,1.552,1.617,2.130086451512913,2.268509339487746,42.53376753619491
240,1624924800000,1.617,1.862,1.603,1.795,2.116944952296766,2.2633328886520854,47.47864161637667
241,1625011200000,1.793,1.847,1.674,1.815,2.1051032343684852,2.258436476803638,48.01986258171822
242,1625097600000,1.816,1.855,1.65,1.687,2.0887060453959947,2.252201659235814,44.835480664771424
243,1625184000000,1.687,1.726,1.566,1.661,2.071932292470514,2.2457573780469082,44.19439001640002
244,1625270400000,1.66,1.787,1.63,1.757,2.0595813225047803,2.2404348279983513,47.19660656052221
245,1625356800000,1.757,1.904,1.701,1.839,2.0509306142813744,2.236067321550495,49.686473918829556
246,1625443200000,1.839,1.848,1.687,1.797,2.040972041885297,2.2312948193650484,48.42690704115257
247,1625529600000,1.797,2.062,1.793,1.967,2.0380710350113964,2.2284246695296055,53.558727774031546
248,1625616000000,1.966,2.099,1.93,1.94,2.034224930572062,2.2252953237500663,52.662437300620034
249,1625702400000,1.939,1.95,1.709,1.756,2.0233136542700363,2.220208146282872,46.902080579512706
250,1625788800000,1.754,1.796,1.676,1.768,2.0133009179337136,2.215310552216765,47.30688976999024
251,1625875200000,1.767,1.809,1.658,1.749,2.002935742239066,2.2102646646185335,46.69981103393139
252,1625961600000,1.749,1.78,1.715,1.76,1.993408467277519,2.205396645762396,47.122880982503226
253,1626048000000,1.76,1.791,1.639,1.68,1.9811174642875296,2.1997212281621756,44.36481836477201
254,1626134400000,1.679,1.69,1.567,1.605,1.9663672122794191,2.1933024237060414,41.889487299150105
255,1626220800000,1.604,1.632,1.504,1.597,1.9518817069499053,2.1868719724997323,41.622716425137774
256,1626307200000,1.598,1.649,1.486,1.505,1.9343563336123328,2.1795248746556313,38.579891972126354
257,1626393600000,1.505,1.544,1.41,1.416,1.9140279650090528,2.1713047541703174,35.84954997981079
258,1626480000000,1.417,1.465,1.393,1.425,1.8948497911342916,2.1632765748857783,36.340185062696214
259,1626566400000,1.426,1.509,1.393,1.412,1.8759139297409022,2.1552014291042156,35.91292218361296
260,1626652800000,1.412,1.42,1.323,1.341,1.8549363003724642,2.1464569122775106,33.59008479449149
261,1626739200000,1.341,1.371,1.222,1.282,1.8324675798358503,2.1371799783598684,31.75219221334153
262,1626825600000,1.28,1.474,1.244,1.449,1.8174292301946766,2.129800528656888,41.50783450027091
263,1626912000000,1.448,1.549,1.414,1.543,1.8066670208968159,2.123513044441616,46.17197548052808
264,1626998400000,1.543,1.618,1.477,1.603,1.7986798801743193,2.117940082330096,48.969121228258004
265,1627084800000,1.604,1.617,1.513,1.548,1.7888490616314359,2.1118425334908686,46.579664692649644
266,1627171200000,1.545,1.558,1.459,1.524,1.778462585367564,2.1055581566560497,45.53552076316558
267,1627257600000,1.525,1.71,1.516,1.53,1.768718739551906,2.099409658834586,45.862250677461816
268,1627344000000,1.531,1.586,1.472,1.569,1.7608864660619516,2.0937476145150713,48.044021414605325
269,1627430400000,1.569,1.584,1.493,1.543,1.752341724707808,2.087872722502345,46.69302453411775
270,1627516800000,1.544,1.633,1.508,1.623,1.7472694009374257,2.0829174207655687,51.23672010683266
271,1627603200000,1.623,1.71,1.525,1.698,1.7453372312351776,2.07881730894093,55.10058413145087
272,1627689600000,1.699,1.764,1.645,1.712,1.7440298652143924,2.0749127379133907,55.80456011268316
273,1627776000000,1.71,1.78,1.636,1.658,1.7406560864481253,2.07047800687862,52.39235242465611
274,1627862400000,1.658,1.692,1.606,1.626,1.7361596943452056,2.06575330711452,50.424692988557126
275,1627948800000,1.624,1.638,1.535,1.568,1.7295650908610396,2.060465895986106,46.980685539435555
276,1628035200000,1.569,1.649,1.531,1.624,1.7254252196436073,2.0558326286280812,50.4963147705834
277,1628121600000,1.625,1.825,1.587,1.771,1.7272124923678729,2.0528110214637327,58.310892988309725
278,1628208000000,1.771,1.976,1.693,1.923,1.734890542957062,2.051434845048107,64.54356185388164
279,1628294400000,1.924,1.98,1.816,1.912,1.7418361066939494,2.049957604670803,63.80018813788055
280,1628380800000,1.914,1.94,1.72,1.755,1.7423523445761768,2.0468346926393934,54.20440348543264
281,1628467200000,1.756,1.908,1.707,1.875,1.7475542789809817,2.0450165235679663,59.2493787852206
282,1628553600000,1.873,2.078,1.831,2.065,1.7600032815384425,2.0452278338586565,65.69356338568728
283,1628640000000,2.065,2.193,2.022,2.039,1.770944456618986,2.045162020249616,64.19747882134878
284,1628726400000,2.038,2.15,1.927,2.032,1.7811820433490608,2.045023014363909,63.776362144028894
285,1628812800000,2.03,2.378,2.023,2.36,1.8038810305366408,2.048347498256928,72.78490906830514
286,1628899200000,2.362,2.363,2.157,2.262,1.8218466657055477,2.0506011715999706,67.39217424674644
287,1628985600000,2.261,2.292,2.076,2.22,1.837460676753764,2.0523869753453763,65.16383030959504
288,1629072000000,2.221,2.288,2.088,2.121,1.8485799718171434,2.0531098665990513,60.11783679381188
289,1629158400000,2.121,2.236,1.9,1.921,1.8514199989140498,2.051718801533784,51.45009869006645
290,1629244800000,1.921,2.016,1.846,1.911,1.8537564900896841,2.0502379457081856,51.053743349749325
291,1629331200000,1.914,2.153,1.869,2.151,1.8654131967995968,2.051297708751336,59.181199973745
292,1629417600000,2.151,2.35,2.126,2.269,1.8812402587250134,2.0535860905296155,62.4799823119539
293,1629504000000,2.268,2.324,2.15,2.222,1.8946034900481188,2.055355383493107,60.3866652725633
294,1629590400000,2.221,2.469,2.179,2.44,1.9159917487346336,2.059394071664888,66.06572016585528
295,1629676800000,2.442,2.516,2.276,2.367,1.9336784741488562,2.0626220957577375,62.81806245830703
296,1629763200000,2.366,2.388,2.079,2.096,1.9400440682105837,2.0629721739326414,52.50027120121879
297,1629849600000,2.096,2.25,2.085,2.197,1.9501208383819095,2.0643771448231196,55.43794885229957
298,1629936000000,2.197,2.24,2.008,2.049,1.953998477320845,2.064216036904578,50.50845718154361
299,1630022400000,2.049,2.194,1.983,2.182,1.9629397683536818,2.0654494217156123,54.4299306590616
300,1630108800000,2.182,2.25,2.073,2.096,1.968157847407971,2.0657691680052466,51.58374856453574
301,1630195200000,2.096,2.17,2.033,2.103,1.9734458049046775,2.0661586297755687,51.80465798676398
302,1630281600000,2.103,2.274,2.019,2.095,1.978212662019574,2.0664601776960976,51.51536593771916
303,1630368000000,2.097,2.4,2.043,2.235,1.9882828063444273,2.068221438431676,56.13212313161839
304,1630454400000,2.234,2.316,2.16,2.307,2.0007815825934383,2.070715455479669,58.32972215206973
305,1630540800000,2.308,2.308,2.201,2.205,2.008790186626051,2.072117350030009,54.1882094602247
306,1630627200000,2.205,2.275,2.16,2.206,2.0165239406520117,2.073514365094908,54.222526152766406
307,1630713600000,2.207,2.339,2.187,2.271,2.026503438411345,2.075574055707831,56.50330140779588
308,1630800000000,2.271,2.545,2.246,2.48,2.044287693406871,2.079790024329232,62.90334627178073
309,1630886400000,2.481,2.667,2.34,2.486,2.0616098158706313,2.084022583105635,63.071334937034486
310,1630972800000,2.488,2.501,1.637,1.992,2.058880008385617,2.0830641914363173,45.00214034765378
311,1631059200000,1.993,2.057,1.821,1.987,2.05606117382815,2.0820641719543853,44.86204825950546
312,1631145600000,1.99,2.432,1.911,2.384,2.0689215668513836,2.085205852314382,56.45352209477078
313,1631232000000,2.384,2.475,2.055,2.144,2.071865829447699,2.085817334684567,49.65717628040053
314,1631318400000,2.144,2.33,2.122,2.269,2.0795966072585954,2.087721649573386,52.84157316191981
315,1631404800000,2.27,2.433,2.202,2.421,2.0929850189040677,2.0911847738082634,56.44906502332954
316,1631491200000,2.421,2.481,2.044,2.359,2.1034170113644923,2.093966438780023,54.613871777223224
317,1631577600000,2.359,2.854,2.355,2.8,2.130734072869896,2.101296464174643,63.662982641284835
318,1631664000000,2.798,3.214,2.716,3.013,2.1653328359274138,2.1107576661807883,67.0773002072835
319,1631750400000,3.013,3.445,2.92,3.107,2.202261061785236,2.1210917541942083,68.4846737329414
320,1631836800000,3.108,3.235,2.773,2.807,2.225976377061994,2.1282037189995107,59.71161851355977
321,1631923200000,2.807,2.975,2.696,2.885,2.251820506457714,2.136047417264965,61.106671226398056
322,1632009600000,2.885,3.097,2.677,3.046,2.2829648764504853,2.1454745766269414,63.886370966809444
323,1632096000000,3.044,3.143,2.332,2.41,2.287946657701222,2.148213952109182,48.990903335037366
324,1632182400000,2.409,2.667,2.126,2.2,2.2844977613817816,2.1487500212615784,45.240163416443146
325,1632268800000,2.199,2.522,2.147,2.45,2.290988059319656,2.1518671934849762,50.13463593805951
326,1632355200000,2.449,2.837,2.354,2.788,2.310478764257453,2.158446938953632,55.87675941780047
327,1632441600000,2.787,2.795,2.248,2.426,2.315009017862445,2.1612132469698038,49.325542796080896
328,1632528000000,2.428,2.48,2.263,2.31,2.314812585411718,2.1627509977390256,47.40744222210184
329,1632614400000,2.308,2.62,2.063,2.543,2.32376112800506,2.16667946004925,51.48810197028446
330,1632700800000,2.543,2.752,2.357,2.369,2.325535204565437,2.168768895846304,48.46395459906654
331,1632787200000,2.369,2.42,2.219,2.226,2.3216318565535605,2.1693597189049014,46.06910986326291
332,1632873600000,2.225,2.401,2.212,2.289,2.32035217380774,2.1705943598705466,47.30454755256759
333,1632960000000,2.289,2.402,2.253,2.336,2.3209658150165495,2.1723006512272174,48.25685691824754
334,1633046400000,2.336,2.558,2.285,2.532,2.3292416779247938,2.176009881541789,52.141134133179754
335,1633132800000,2.532,2.659,2.457,2.535,2.3373106434569,2.179710459454373,52.20028111940953
336,1633219200000,2.534,2.962,2.48,2.817,2.3561220170356667,2.1862774800261544,57.515414204100054
337,1633305600000,2.817,2.909,2.63,2.883,2.376783926436251,2.1934543910857003,58.67364579202413
338,1633392000000,2.883,3.036,2.754,2.936,2.3987139967999984,2.2011006423389206,59.62553716611097
339,1633478400000,2.936,2.943,2.625,2.738,2.4120193467341338,2.206627364054575,54.5687112954911
340,1633564800000,2.739,2.901,2.651,2.813,2.4277440969423094,2.2128670846200826,56.08789639968855
341,1633651200000,2.815,2.964,2.75,2.959,2.448577685581601,2.220542362609482,58.96457194286939
342,1633737600000,2.959,3.097,2.864,2.907,2.4665550509879743,2.227601400985166,57.51928107314542
343,1633824000000,2.908,2.911,2.678,2.698,2.4756313330750173,2.232437032621877,52.00215306961105
344,1633910400000,2.697,2.812,2.632,2.695,2.4842340346167138,2.2371905482529715,51.925162571771075
345,1633996800000,2.696,2.706,2.519,2.689,2.492264080296215,2.2418320415105213,51.760108720822764
346,1634083200000,2.688,3.0,2.646,2.96,2.5106066825478672,2.249207486662743,58.21991944895755
347,1634169600000,2.96,3.157,2.858,2.891,2.525524080958426,2.255796465307013,56.157918052490395
348,1634256000000,2.89,3.02,2.803,2.898,2.5401309923626125,2.262387579101892,56.326909572535065
349,1634342400000,2.899,3.08,2.881,2.91,2.5546356713673433,2.2690321258613753,56.635495432051854
350,1634428800000,2.911,2.918,2.725,2.869,2.566963694085627,2.2751859298239143,55.20036510922475
351,1634515200000,2.869,2.875,2.722,2.795,2.5759063011690104,2.280515970700714,52.609189799988364
352,1634601600000,2.795,2.848,2.682,2.792,2.5843805701062785,2.285759006222143,52.50159245841546
353,1634688000000,2.792,2.97,2.79,2.938,2.5982480085372406,2.292442882116037,57.1000578154926
354,1634774400000,2.937,3.055,2.838,2.857,2.6083951523524354,2.298226493102829,53.97781947446951
355,1634860800000,2.857,3.374,2.856,3.338,2.6370071258418317,2.308875329555606,65.90148349857256
356,1634947200000,3.338,3.79,3.173,3.692,2.678379421367855,2.323036471259252,71.71058954459741
357,1635033600000,3.692,3.95,3.455,3.502,2.710678287054013,2.3351038275931177,65.28218062753892
358,1635120000000,3.502,4.84,3.485,4.798,2.79253408789967,2.3603057678354356,79.0667450746847
359,1635206400000,4.795,5.288,4.522,4.637,2.8648661246924516,2.3835957928762213,75.07867512602634
360,1635292800000,4.638,4.724,4.033,4.448,2.926949839261083,2.4047082418249053,70.57818314478801
361,1635379200000,4.444,5.5,4.44,4.757,2.9987165490865624,2.4287582336865863,73.38697169722545
362,1635465600000,4.756,5.012,4.557,4.673,3.0643747560282435,2.4516972338903553,71.3916967366705
363,1635552000000,4.673,5.322,4.551,4.736,3.129928718240596,2.475039382165233,72.00643180890621
364,1635638400000,4.736,4.741,4.336,4.418,3.1804413405320062,2.494888201154945,64.47529584806219
