Unix,BTC_Open,BTC_High,BTC_Low,BTC_Close,ETH_Open,ETH_High,ETH_Low,ETH_Close,UNI_Open,UNI_High,UNI_Low,UNI_Close,CRV_Open,CRV_High,CRV_Low,CRV_Close
1604188800000,13791.0,13895.0,13603.0,13761.5,386.44,398.29,384.61,396.67,2.2648,2.4537,2.219,2.3765,0.416,0.423,0.388,0.401
1604275200000,13761.49,13830.0,13195.05,13549.37,396.68,404.5,377.92,383.02,2.3764,2.4541,2.2228,2.254,0.402,0.425,0.356,0.361
1604361600000,13549.63,14066.11,13284.99,14023.53,383.01,390.0,370.23,387.88,2.2526,2.281,2.0554,2.138,0.36,0.37,0.34,0.356
1604448000000,14023.53,14259.0,13525.0,14144.01,387.88,408.39,376.47,402.49,2.136,2.1664,1.8758,1.9281,0.356,0.378,0.33,0.342
1604534400000,14144.01,15750.0,14093.56,15590.02,402.5,420.4,396.14,416.69,1.9271,2.431,1.7563,2.1901,0.342,0.385,0.331,0.36
1604620800000,15590.02,15960.0,15166.0,15579.92,416.73,458.27,414.76,455.91,2.1892,2.6877,2.1735,2.5657,0.362,0.448,0.356,0.438
1604707200000,15579.93,15753.52,14344.22,14818.3,455.91,468.28,424.14,435.21,2.5681,3.0287,2.422,2.4755,0.437,0.548,0.395,0.43
1604793600000,14818.3,15650.0,14703.88,15475.1,435.2,460.1,431.99,454.3,2.4755,2.9229,2.4317,2.8653,0.429,0.49,0.419,0.471
1604880000000,15475.1,15840.0,14805.54,15328.41,454.29,459.1,433.09,444.32,2.8625,2.8785,2.5731,2.6822,0.471,0.496,0.422,0.454
1604966400000,15328.41,15460.0,15072.46,15297.21,444.32,455.0,438.7,450.34,2.6792,3.1766,2.6267,3.0759,0.454,0.601,0.443,0.566
1605052800000,15297.21,15965.0,15272.68,15684.24,450.34,476.25,449.28,463.09,3.0772,3.2161,2.8721,2.9308,0.565,0.655,0.531,0.544
1605139200000,15684.25,16340.7,15440.64,16291.86,463.09,470.0,451.2,462.39,2.9309,3.1387,2.8333,2.9582,0.544,0.595,0.512,0.563
1605225600000,16291.85,16480.0,15952.35,16320.7,462.48,478.01,457.12,476.43,2.9594,3.9859,2.935,3.8614,0.564,0.699,0.546,0.684
1605312000000,16320.04,16326.99,15670.0,16070.45,476.42,477.47,452.0,460.89,3.8578,3.968,3.5113,3.8165,0.683,0.747,0.595,0.71
1605398400000,16069.56,16180.0,15774.72,15957.0,460.9,462.89,440.19,448.08,3.8127,4.2497,3.6143,3.8458,0.71,0.845,0.704,0.78
1605484800000,15957.0,16880.0,15864.0,16713.57,448.07,466.0,445.45,460.55,3.8471,3.95,3.45,3.5634,0.779,0.841,0.691,0.825
1605571200000,16713.08,17858.82,16538.0,17659.38,460.51,484.88,459.8,482.15,3.5618,3.8732,3.476,3.8104,0.824,0.91,0.802,0.876
1605657600000,17659.38,18476.93,17214.45,17776.12,482.11,495.31,456.6,478.41,3.8135,3.8499,3.271,3.4607,0.876,0.888,0.692,0.759
1605744000000,17777.75,18179.8,17335.65,17802.82,478.43,480.75,464.86,471.25,3.4622,3.89,3.2093,3.7417,0.757,0.845,0.71,0.801
1605830400000,17802.81,18815.22,17740.04,18655.67,471.26,514.4,470.65,510.12,3.7447,4.0899,3.6764,3.8552,0.803,0.957,0.792,0.857
1605916800000,18655.66,18965.9,18308.58,18703.8,510.12,553.32,502.82,552.35,3.8573,3.94,3.5892,3.8366,0.857,0.897,0.79,0.853
1606003200000,18703.8,18750.0,17610.86,18414.43,552.42,580.88,511.28,560.03,3.8382,3.9483,3.41,3.6763,0.853,0.873,0.692,0.746
1606089600000,18413.88,18766.0,18000.0,18368.0,560.03,610.85,550.12,608.58,3.681,4.2292,3.6312,4.1842,0.747,0.804,0.713,0.742
1606176000000,18368.01,19418.97,18018.0,19160.01,608.58,623.0,585.0,604.97,4.1855,4.4857,3.9274,4.0627,0.742,0.796,0.659,0.686
1606262400000,19160.0,19484.21,18500.27,18719.11,604.98,606.0,553.83,569.5,4.063,4.2,3.51,3.6773,0.685,0.757,0.625,0.641
1606348800000,18718.83,18915.03,16188.0,17149.47,569.38,577.14,481.0,519.83,3.6748,3.7684,3.1,3.43,0.641,0.663,0.485,0.594
1606435200000,17149.47,17457.62,16438.08,17139.52,519.83,530.62,493.72,518.68,3.4324,3.5369,3.1613,3.3067,0.594,0.644,0.543,0.641
1606521600000,17139.53,17880.49,16865.56,17719.85,518.59,547.94,506.59,537.52,3.3057,3.535,3.2559,3.4616,0.642,0.65,0.587,0.608
1606608000000,17719.84,18360.05,17517.0,18184.99,537.5,576.9,530.32,576.3,3.4584,3.572,3.36,3.5514,0.609,0.688,0.592,0.656
1606694400000,18185.0,19863.16,18184.99,19695.87,576.32,616.85,570.07,616.66,3.5524,3.8105,3.5315,3.7824,0.656,0.73,0.656,0.675
1606780800000,19695.87,19888.0,18001.12,18764.96,616.65,635.7,560.0,585.26,3.7765,3.9851,3.3852,3.55,0.675,0.76,0.628,0.679
1606867200000,18764.96,19342.0,18330.0,19204.09,585.26,604.93,575.0,596.89,3.5456,4.17,3.2251,3.9484,0.68,0.819,0.66,0.801
1606953600000,19204.08,19598.0,18867.2,19421.9,596.88,623.44,585.82,615.85,3.9455,4.0233,3.7992,3.8829,0.8,0.858,0.767,0.829
1607040000000,19422.34,19527.0,18565.31,18650.52,615.84,620.0,565.82,567.24,3.8811,3.9207,3.4964,3.516,0.829,0.835,0.668,0.685
1607126400000,18650.51,19177.0,18500.0,19147.66,567.24,597.11,560.88,596.8,3.5161,3.6982,3.4442,3.6834,0.684,0.742,0.668,0.741
1607212800000,19147.66,19420.0,18857.0,19359.4,596.82,607.5,583.0,601.54,3.6785,3.7894,3.5069,3.6482,0.741,0.748,0.67,0.702
1607299200000,19358.67,19420.91,18902.88,19166.9,601.59,603.15,584.22,591.28,3.6482,3.8794,3.5617,3.7574,0.703,0.744,0.684,0.708
1607385600000,19166.9,19294.84,18200.0,18324.11,591.27,595.0,549.22,554.94,3.7569,3.7618,3.2775,3.2982,0.707,0.711,0.588,0.609
1607472000000,18324.11,18639.57,17650.0,18541.28,554.92,578.08,530.43,573.09,3.3007,3.3943,3.116,3.3511,0.608,0.642,0.562,0.633
1607558400000,18541.29,18557.32,17911.12,18254.63,573.2,575.7,548.11,558.99,3.3502,3.3716,3.1899,3.239,0.634,0.642,0.581,0.599
1607644800000,18254.81,18292.73,17572.33,18036.53,558.99,560.8,535.5,544.43,3.2396,3.2463,2.91,2.9623,0.601,0.603,0.535,0.557
1607731200000,18036.53,18948.66,18020.7,18808.69,544.46,574.0,543.1,568.04,2.9617,3.1785,2.9603,3.1225,0.557,0.599,0.556,0.591
1607817600000,18808.69,19411.0,18711.12,19174.99,568.09,595.0,563.22,590.7,3.1224,3.3676,3.0721,3.344,0.592,0.637,0.576,0.617
1607904000000,19174.99,19349.0,19000.0,19273.14,590.81,591.48,575.6,586.29,3.3396,3.5454,3.2368,3.4803,0.616,0.643,0.592,0.638
1607990400000,19273.69,19570.0,19050.0,19426.43,586.29,597.2,578.58,588.64,3.4778,3.5177,3.3055,3.3292,0.638,0.672,0.622,0.628
1608076800000,19426.43,21560.0,19278.6,21335.52,588.78,640.0,580.71,637.18,3.3258,3.5415,3.2438,3.5357,0.629,0.653,0.595,0.651
1608163200000,21335.52,23800.0,21230.0,22797.16,637.18,676.25,625.76,642.7,3.534,3.999,3.4341,3.6914,0.651,0.687,0.614,0.655
1608249600000,22797.15,23285.18,22350.0,23107.39,642.71,664.61,629.4,653.85,3.6914,3.8571,3.5453,3.7652,0.655,0.656,0.621,0.645
1608336000000,23107.39,24171.47,22750.0,23821.61,653.76,669.95,645.42,658.03,3.7693,4.2433,3.623,3.9621,0.644,0.7,0.639,0.664
1608422400000,23821.6,24295.0,23060.0,23455.52,658.05,661.39,621.01,638.18,3.9621,4.0273,3.6874,3.7617,0.665,0.667,0.607,0.616
1608508800000,23455.54,24102.77,21815.0,22719.71,638.1,648.0,595.9,607.58,3.7606,3.9249,3.4156,3.5094,0.616,0.629,0.54,0.558
1608595200000,22719.88,23837.1,22353.4,23810.79,607.68,637.73,588.0,636.45,3.5102,3.776,3.2813,3.7331,0.558,0.571,0.509,0.558
1608681600000,23810.79,24100.0,22600.0,23232.76,636.41,638.44,551.28,585.56,3.729,3.777,3.0108,3.3111,0.558,0.57,0.385,0.42
1608768000000,23232.39,23794.43,22703.42,23729.2,585.48,615.02,565.43,612.31,3.3126,3.5281,3.1578,3.5227,0.42,0.481,0.407,0.479
1608854400000,23728.99,24789.86,23433.6,24712.47,612.31,634.24,604.28,626.82,3.5263,3.6517,3.3562,3.5038,0.478,0.537,0.463,0.489
1608940800000,24712.47,26867.03,24500.0,26493.39,626.78,652.91,615.26,637.44,3.5019,3.6,3.357,3.4171,0.489,0.493,0.448,0.47
1609027200000,26493.4,28422.0,25700.0,26281.66,637.44,717.13,625.0,685.11,3.4176,3.805,3.3562,3.5965,0.471,0.516,0.438,0.472
1609113600000,26281.54,27500.0,26101.0,27079.41,685.1,748.09,681.04,730.41,3.6,4.0,3.5656,3.7311,0.473,0.524,0.468,0.498
1609200000000,27079.42,27410.0,25880.0,27385.0,730.4,740.78,689.2,732.0,3.7277,3.8435,3.4946,3.6695,0.498,0.513,0.442,0.474
1609286400000,27385.0,28996.0,27320.0,28875.54,732.0,758.74,716.62,752.17,3.6752,4.38,3.6307,4.1531,0.475,0.598,0.466,0.582
1609372800000,28875.55,29300.0,27850.0,28923.63,752.17,755.74,722.0,736.42,4.1513,5.29,3.9346,5.1501,0.582,0.641,0.518,0.627
1609459200000,28923.63,29600.0,28624.57,29331.69,736.42,749.0,714.29,728.91,5.15,5.2797,4.5895,4.7353,0.628,0.677,0.605,0.62
1609545600000,29331.7,33300.0,28946.53,32178.33,728.91,787.69,714.91,774.56,4.7364,5.2,4.48,4.8564,0.621,0.625,0.564,0.613
1609632000000,32176.45,34778.11,31962.99,33000.05,774.44,1011.07,768.71,978.28,4.8573,5.6412,4.6756,5.5155,0.613,0.696,0.586,0.677
1609718400000,33000.05,33600.0,28130.0,31988.71,978.33,1162.97,890.0,1041.43,5.5117,6.2,4.8556,5.4238,0.678,0.733,0.581,0.676
1609804800000,31989.75,34360.0,29900.0,33949.53,1041.45,1134.6,974.45,1099.56,5.4309,6.56,5.164,6.2518,0.676,0.728,0.623,0.688
1609891200000,33949.53,36939.21,33288.0,36769.36,1100.16,1213.0,1057.26,1208.42,6.2518,6.5911,6.004,6.4157,0.688,0.785,0.67,0.731
1609977600000,36769.36,40365.0,36300.0,39432.28,1208.75,1289.0,1131.0,1224.87,6.4157,6.84,6.028,6.2545,0.732,0.79,0.682,0.716
1610064000000,39432.48,41950.0,36500.0,40582.81,1224.86,1273.75,1065.0,1216.93,6.2657,6.37,5.4188,5.8807,0.719,0.735,0.62,0.694
1610150400000,40586.96,41380.0,38720.0,40088.22,1216.72,1304.37,1171.36,1276.0,5.8737,6.3461,5.6618,6.22,0.694,0.8,0.668,0.767
1610236800000,40088.22,41350.0,35111.11,38150.02,1276.0,1348.33,1170.0,1254.25,6.2201,6.58,5.5447,5.9802,0.767,0.842,0.698,0.754
1610323200000,38150.02,38264.74,30420.0,35404.47,1254.24,1260.0,915.0,1087.01,5.9801,6.0035,4.3904,5.2448,0.753,0.756,0.531,0.622
1610409600000,35410.37,36628.0,32531.0,34051.24,1087.0,1150.02,1006.33,1050.16,5.2427,5.8211,4.9651,5.5878,0.623,0.673,0.59,0.624
1610496000000,34049.15,37850.0,32380.0,37371.38,1050.36,1137.65,987.48,1129.89,5.5878,6.3825,5.2601,6.3311,0.624,0.693,0.603,0.687
1610582400000,37371.38,40100.0,36701.23,39144.5,1129.79,1247.55,1086.7,1231.62,6.3406,7.13,6.1775,6.9593,0.686,0.8,0.662,0.796
1610668800000,39145.21,39747.76,34408.0,36742.22,1231.89,1256.98,1069.42,1168.53,6.9603,7.49,6.361,7.3762,0.798,1.198,0.786,1.149
1610755200000,36737.43,37950.0,35357.8,35994.98,1168.48,1298.0,1151.77,1227.83,7.3761,9.3776,7.1931,8.3908,1.147,1.267,1.033,1.108
1610841600000,35994.98,36852.5,33850.0,35828.61,1227.83,1269.02,1165.0,1232.45,8.3987,9.18,8.0284,8.689,1.108,1.79,1.053,1.691
1610928000000,35824.99,37469.83,34800.0,36631.27,1232.5,1260.75,1182.58,1258.45,8.6838,9.878,8.3,9.1904,1.69,1.783,1.385,1.605
1611014400000,36622.46,37850.0,35844.06,35891.49,1258.52,1438.3,1251.49,1365.36,9.1984,9.9388,8.4641,8.5767,1.605,1.664,1.311,1.331
1611100800000,35901.94,36415.31,33400.0,35468.23,1365.36,1407.93,1235.42,1376.99,8.5788,9.0465,7.65,8.9646,1.33,1.649,1.257,1.629
1611187200000,35468.23,35600.0,30071.0,30850.13,1376.72,1390.0,1086.0,1110.96,8.9674,9.0369,7.3247,7.5873,1.628,1.93,1.45,1.681
1611273600000,30851.99,33826.53,28850.0,32945.17,1111.98,1273.79,1042.31,1232.62,7.5865,9.0966,7.0405,8.6834,1.679,2.13,1.415,1.963
1611360000000,32950.0,33456.0,31390.16,32078.0,1232.61,1272.44,1195.9,1233.6,8.6965,9.5339,8.4908,9.3428,1.965,2.3,1.911,2.14
1611446400000,32078.0,33071.0,30900.0,32259.9,1233.46,1398.83,1220.0,1392.51,9.3357,12.3,9.1583,12.0505,2.139,2.35,2.036,2.26
1611532800000,32259.45,34875.0,31910.0,32254.2,1392.19,1475.0,1293.69,1317.88,12.039,12.8983,10.88,11.3177,2.26,2.311,1.967,2.005
1611619200000,32254.19,32921.88,30837.37,32467.77,1317.6,1378.49,1244.56,1365.97,11.3097,14.3148,11.1557,13.9086,2.006,2.24,1.82,2.146
1611705600000,32464.01,32557.29,29241.72,30366.15,1366.54,1373.9,1207.0,1239.03,13.9086,15.4934,13.02,14.7493,2.146,2.148,1.736,1.814
1611792000000,30362.19,33783.98,29842.1,33364.86,1238.93,1360.0,1217.23,1329.69,14.7493,15.3997,13.4994,14.1003,1.815,2.202,1.75,2.08
1611878400000,33368.18,38531.9,31915.4,34252.2,1329.44,1436.9,1285.35,1379.5,14.1121,15.8,14.071,15.6418,2.08,2.131,1.856,2.046
1611964800000,34246.28,34933.0,32825.0,34262.88,1379.56,1406.0,1326.41,1378.05,15.6418,19.62,15.09,19.5376,2.046,2.672,1.885,2.548
1612051200000,34262.89,34342.69,32171.67,33092.98,1378.04,1380.74,1281.12,1312.55,19.5713,20.5612,17.3999,17.7246,2.548,2.849,2.282,2.511
1612137600000,33092.97,34717.27,32296.16,33526.37,1312.45,1377.99,1269.99,1374.17,17.7335,20.7583,16.6679,20.4502,2.514,2.69,2.3,2.54
1612224000000,33517.09,35984.33,33418.0,35466.24,1374.09,1547.9,1360.28,1511.87,20.4542,20.6062,18.005,18.9517,2.539,2.756,2.42,2.5
1612310400000,35472.71,37662.63,35362.38,37618.87,1511.93,1669.35,1508.39,1664.49,18.9675,20.5585,18.6899,19.7114,2.5,2.704,2.4,2.637
1612396800000,37620.26,38708.27,36161.95,36936.66,1664.67,1695.2,1554.44,1595.67,19.7238,21.596,19.132,20.1299,2.637,3.205,2.546,3.026
1612483200000,36936.65,38310.12,36570.0,38290.24,1595.53,1760.49,1591.0,1719.19,20.1043,22.5,19.6333,21.145,3.027,3.369,3.02,3.263
1612569600000,38289.32,40955.51,38215.94,39186.94,1718.95,1743.67,1642.94,1676.35,21.145,21.676,19.1641,19.2499,3.263,3.666,3.0,3.15
1612656000000,39181.01,39700.0,37351.0,38795.69,1676.35,1693.0,1490.46,1611.62,19.2499,19.73,17.06,18.6592,3.146,3.195,2.65,2.981
1612742400000,38795.69,46794.45,37988.89,46374.87,1611.46,1775.57,1563.89,1750.15,18.6745,20.1738,18.1163,19.3198,2.98,3.239,2.849,3.06
1612828800000,46374.86,48142.19,44961.09,46420.42,1749.68,1821.88,1708.49,1769.13,19.3177,19.903,18.8145,19.5175,3.062,3.286,2.938,3.175
1612915200000,46420.42,47310.0,43727.0,44807.58,1769.14,1837.86,1680.0,1740.78,19.5075,22.5,19.0,20.6802,3.175,3.385,2.852,3.087
1613001600000,44807.58,48678.9,43994.02,47969.51,1740.76,1819.0,1703.44,1785.62,20.6808,22.0135,20.122,21.4536,3.09,3.57,3.0,3.562
1613088000000,47968.66,48985.8,46125.0,47287.6,1785.83,1864.88,1739.88,1840.26,21.4615,23.83,21.2313,22.6236,3.559,3.618,3.211,3.387
1613174400000,47298.15,48150.0,46202.53,47153.69,1840.24,1871.72,1765.0,1814.96,22.6374,23.8,21.2037,21.7738,3.388,3.52,3.125,3.289
1613260800000,47156.78,49707.43,47014.17,48577.79,1815.25,1850.0,1784.11,1800.42,21.7744,22.6,20.6637,20.8245,3.29,3.407,2.928,2.955
1613347200000,48580.47,49010.92,45570.79,47911.1,1800.03,1835.72,1655.67,1779.25,20.8295,21.5399,16.8421,20.0675,2.955,3.019,2.08,2.717
1613433600000,47911.1,50689.18,47003.62,49133.45,1779.33,1827.28,1724.0,1781.99,20.0769,21.32,19.3752,20.4846,2.719,2.863,2.538,2.674
1613520000000,49133.45,52618.74,48947.0,52119.71,1781.99,1855.0,1733.01,1849.88,20.4844,21.8168,19.1663,21.5175,2.673,2.88,2.487,2.786
1613606400000,52117.67,52530.0,50901.9,51552.6,1849.7,1950.5,1849.69,1939.61,21.5384,22.27,20.5663,21.1733,2.787,3.026,2.718,2.811
1613692800000,51552.61,56368.0,50710.2,55906.0,1938.91,1972.82,1891.0,1955.0,21.1742,21.544,19.3235,20.0756,2.809,2.875,2.561,2.63
1613779200000,55906.0,57700.46,53863.93,55841.19,1955.46,2042.34,1803.14,1913.0,20.0744,32.999,19.5026,28.7533,2.631,3.269,2.564,2.888
1613865600000,55841.19,58352.8,55477.59,57408.57,1912.9,1976.31,1883.01,1933.53,28.7315,32.122,27.7142,28.7763,2.888,3.08,2.812,2.905
1613952000000,57412.35,57508.47,47622.0,54087.67,1933.54,1936.29,1551.0,1777.58,28.7958,29.1458,21.8157,27.6835,2.905,2.912,2.023,2.58
1614038400000,54087.67,54183.59,44892.56,48891.0,1777.42,1782.39,1355.0,1577.89,27.6861,27.7995,18.1,24.8086,2.582,2.606,1.71,2.138
1614124800000,48891.0,51374.99,46988.69,49676.2,1577.79,1712.7,1500.2,1623.39,24.8325,27.36,23.0701,25.2509,2.139,2.397,2.0,2.152
1614211200000,49676.21,52041.73,46674.34,47073.73,1623.16,1671.59,1459.16,1481.75,25.2509,26.99,23.0803,23.4781,2.153,2.336,1.987,2.007
1614297600000,47073.73,48424.11,44106.78,46276.87,1482.08,1562.25,1400.0,1444.59,23.478,25.1867,21.01,23.1082,2.009,2.097,1.793,1.921
1614384000000,46276.88,48394.0,45000.0,46106.43,1444.56,1529.0,1425.0,1458.13,23.126,24.8409,22.2954,23.5338,1.925,2.105,1.915,1.964
1614470400000,46103.67,46638.46,43000.0,45135.66,1458.27,1468.75,1293.18,1419.18,23.5538,24.127,20.4743,22.2098,1.962,1.984,1.62,1.769
1614556800000,45134.11,49790.0,44950.53,49587.03,1418.67,1572.0,1409.91,1569.86,22.2152,25.72,22.0527,25.7058,1.767,2.009,1.752,2.001
1614643200000,49595.76,50200.0,47047.6,48440.65,1570.0,1602.9,1455.52,1486.78,25.7164,27.4389,24.5146,25.5253,2.001,2.595,1.981,2.508
1614729600000,48436.61,52640.0,48100.71,50349.37,1486.79,1656.94,1475.47,1567.69,25.5253,27.5855,25.265,25.3565,2.507,2.64,2.257,2.279
1614816000000,50349.37,51773.88,47500.0,48374.09,1567.68,1624.87,1506.36,1539.23,25.3401,29.7738,24.75,28.2681,2.278,2.386,2.012,2.086
1614902400000,48374.09,49448.93,46300.0,48751.71,1539.22,1548.96,1441.66,1528.31,28.2471,28.77,25.8223,28.2866,2.083,2.116,1.91,2.052
1614988800000,48746.81,49200.0,47070.0,48882.2,1528.08,1671.58,1513.03,1650.35,28.2885,29.0502,27.1454,28.5148,2.054,2.172,1.913,2.047
1615075200000,48882.2,51450.03,48882.2,50971.75,1650.68,1734.16,1630.35,1726.16,28.5311,34.88,28.3599,34.2651,2.048,2.266,2.043,2.245
1615161600000,50959.11,52402.78,49274.67,52375.17,1726.46,1843.59,1664.96,1833.18,34.2459,34.9277,32.0333,33.2344,2.245,2.41,2.033,2.395
1615248000000,52375.18,54895.0,51789.41,54884.5,1833.22,1870.77,1798.2,1870.51,33.222,34.7648,32.35,32.8722,2.395,2.485,2.274,2.406
1615334400000,54874.67,57387.69,53005.0,55851.59,1870.5,1877.69,1757.0,1795.12,32.8696,33.5,30.3186,30.8877,2.406,2.483,2.171,2.212
1615420800000,55851.59,58150.0,54272.82,57773.16,1795.28,1846.7,1725.0,1825.78,30.8787,31.8238,29.5,30.9944,2.215,2.226,2.048,2.173
1615507200000,57773.15,58081.51,54962.84,57221.72,1825.78,1841.88,1719.72,1766.1,31.0093,31.9719,29.1548,30.9198,2.174,2.232,1.96,2.059
1615593600000,57221.72,61844.0,56078.23,61188.39,1766.13,1944.3,1727.75,1922.35,30.9117,33.3585,30.185,32.4439,2.059,2.382,1.977,2.378
1615680000000,61188.38,61724.79,58966.78,58968.31,1922.35,1933.1,1836.0,1848.1,32.4726,33.8965,30.6261,30.6509,2.381,2.402,2.103,2.107
1615766400000,58976.08,60633.43,54600.0,55605.2,1848.1,1891.76,1730.0,1793.48,30.6494,31.534,29.534,29.7983,2.108,2.36,2.041,2.224
1615852800000,55605.2,56938.29,53271.34,56900.75,1793.99,1819.5,1711.68,1805.12,29.8058,30.0501,27.9781,30.0247,2.224,2.618,2.093,2.596
1615939200000,56900.74,58974.73,54123.69,58912.97,1805.01,1838.88,1741.18,1823.58,30.0247,31.68,29.4191,31.2878,2.594,2.6,2.277,2.425
1616025600000,58912.97,60129.97,57023.0,57648.16,1823.58,1850.0,1759.04,1776.08,31.3261,31.6,29.7136,29.9785,2.423,2.799,2.405,2.609
1616112000000,57641.0,59468.0,56270.74,58030.01,1775.92,1840.61,1733.47,1809.1,29.9752,34.2,29.4497,33.262,2.608,2.795,2.477,2.746
1616198400000,58030.01,59880.0,57820.17,58102.28,1809.01,1868.83,1800.86,1806.1,33.2566,35.2005,31.85,32.0399,2.746,2.973,2.683,2.702
1616284800000,58100.02,58589.1,55450.11,57351.56,1806.57,1817.16,1747.0,1782.98,32.04,33.3,31.5,32.9395,2.705,2.764,2.513,2.594
1616371200000,57351.56,58430.73,53650.0,54083.25,1783.23,1807.51,1655.15,1680.97,32.9399,35.8531,31.7495,32.7958,2.593,2.704,2.327,2.352
1616457600000,54083.25,55830.9,53000.0,54340.89,1681.17,1721.17,1650.0,1668.08,32.828,36.8,30.0888,30.9878,2.352,3.277,2.22,2.882
1616544000000,54342.8,57200.0,51700.0,52303.65,1668.2,1740.86,1536.92,1581.84,31.017,31.8813,25.5247,27.2243,2.881,2.987,2.366,2.519
1616630400000,52303.66,53287.0,50427.56,51293.78,1581.88,1622.0,1549.4,1585.74,27.2213,28.07,25.5659,26.5,2.516,2.729,2.308,2.384
1616716800000,51293.78,55073.46,51214.6,55025.59,1585.83,1699.93,1585.79,1698.84,26.5005,29.0,26.4498,28.88,2.386,2.646,2.382,2.622
1616803200000,55025.59,56700.36,53950.0,55817.14,1698.84,1732.67,1666.41,1712.63,28.88,29.4706,27.7951,28.1897,2.621,3.2,2.556,3.123
1616889600000,55817.14,56559.75,54691.84,55777.63,1712.52,1725.66,1661.4,1687.01,28.1893,28.887,27.3558,27.8685,3.123,3.39,2.916,3.024
1616976000000,55777.65,58405.82,54800.01,57635.47,1687.16,1841.0,1677.85,1816.74,27.8714,29.5,27.5013,29.0155,3.022,3.577,2.991,3.523
1617062400000,57635.46,59368.0,57071.35,58746.57,1816.76,1859.13,1786.3,1840.46,29.0186,29.2693,28.28,28.55,3.52,3.528,3.146,3.286
1617148800000,58746.57,59800.0,56769.0,58740.55,1840.41,1947.29,1768.15,1919.37,28.5487,29.0251,26.666,28.0316,3.285,3.297,2.95,3.134
1617235200000,58739.46,59490.0,57935.45,58720.44,1919.37,1984.77,1885.02,1968.05,28.0776,30.3055,28.0776,28.6638,3.134,3.483,3.043,3.32
1617321600000,58720.45,60200.0,58428.57,58950.01,1968.05,2146.0,1948.48,2133.69,28.6638,30.2803,28.4252,30.2084,3.319,3.539,3.221,3.348
1617408000000,58950.01,59791.72,56880.0,57051.94,2133.69,2138.12,1996.3,2008.52,30.194,32.5,29.3293,29.3874,3.346,3.408,2.893,2.922
1617494400000,57051.95,58492.85,56388.0,58202.01,2008.59,2091.83,1975.24,2075.69,29.3859,31.5,28.9183,30.9131,2.922,3.122,2.854,3.103
1617580800000,58202.01,59272.0,56777.77,59129.99,2075.7,2130.64,2002.15,2107.38,30.9134,31.2306,29.6712,30.8292,3.105,3.5,2.91,3.316
1617667200000,59129.99,59495.24,57413.02,57991.15,2107.43,2151.0,2044.65,2112.21,30.8292,32.4508,30.0174,31.233,3.317,3.4,3.001,3.181
1617753600000,57990.03,58655.0,55473.0,55953.45,2112.22,2129.01,1930.01,1963.47,31.2512,31.4,27.7907,28.5722,3.182,3.384,2.722,2.895
1617840000000,55953.44,58153.31,55700.0,58077.52,1963.46,2084.61,1947.35,2080.46,28.5646,30.3316,28.3312,30.2033,2.896,3.099,2.851,3.074
1617926400000,58077.52,58894.9,57654.0,58142.54,2080.39,2100.0,2047.57,2066.87,30.1911,30.6713,29.25,29.5199,3.074,3.14,2.929,2.98
1618012800000,58142.55,61500.0,57900.01,59769.13,2067.19,2200.0,2058.0,2133.49,29.5199,30.9839,29.1687,29.7649,2.979,3.056,2.862,2.961
1618099200000,59769.13,60699.0,59232.52,60002.43,2133.49,2165.02,2113.4,2151.36,29.7743,30.6659,29.1936,29.9063,2.961,3.212,2.886,3.111
1618185600000,59998.8,61300.0,59350.59,59860.0,2151.42,2203.46,2102.0,2137.69,29.9131,38.1639,29.5458,36.6844,3.111,3.124,2.932,3.032
1618272000000,59860.01,63777.77,59805.15,63575.0,2137.86,2318.0,2135.53,2299.19,36.669,37.2,33.75,35.4293,3.032,3.192,2.972,3.12
1618358400000,63575.01,64854.0,61301.0,62959.53,2299.19,2447.29,2281.33,2432.6,35.4336,36.93,33.222,36.0626,3.12,3.299,2.976,3.156
1618444800000,62959.53,63800.0,62020.0,63159.98,2432.59,2543.47,2400.0,2514.04,36.0631,39.6,35.5813,37.7447,3.156,4.15,3.138,4.028
1618531200000,63158.74,63520.61,60000.0,61334.8,2514.04,2548.29,2300.0,2422.67,37.7285,38.1977,33.983,36.1359,4.029,4.65,3.683,3.91
1618617600000,61334.81,62506.05,59580.91,60006.66,2422.38,2495.0,2310.0,2317.6,36.1284,37.5267,34.6222,34.7343,3.913,4.34,3.75,3.784
1618704000000,60006.67,60499.0,50931.3,56150.01,2317.65,2340.0,1946.8,2235.64,34.7412,35.1,26.9787,31.6225,3.784,3.868,2.4,3.223
1618790400000,56150.01,57526.81,54221.58,55633.14,2235.65,2300.0,2080.0,2161.12,31.6364,32.73,29.181,31.3572,3.22,3.482,2.769,2.821
1618876800000,55633.14,57076.24,53329.96,56425.0,2161.12,2346.62,2055.0,2330.03,31.3854,32.2985,28.0,31.9547,2.822,3.1,2.57,3.027
1618963200000,56425.0,56757.91,53536.02,53787.63,2330.26,2469.54,2235.16,2357.06,31.9574,36.5644,30.513,33.4146,3.026,3.162,2.822,2.887
1619049600000,53787.62,55521.48,50500.0,51690.96,2357.06,2644.47,2303.44,2397.94,33.4425,38.4579,32.66,33.9099,2.889,3.31,2.672,2.752
1619136000000,51690.95,52131.85,47500.0,51125.14,2397.94,2442.89,2107.0,2367.39,33.9322,34.9307,29.5187,32.9502,2.755,2.858,2.224,2.641
1619222400000,51110.56,51166.22,48657.14,50047.84,2367.39,2368.74,2154.8,2213.35,32.9518,32.9998,29.806,30.1473,2.641,2.648,2.349,2.376
1619308800000,50047.84,50567.91,46930.0,49066.77,2214.08,2356.64,2168.0,2320.49,30.168,34.8634,30.0,34.352,2.374,2.55,2.195,2.382
1619395200000,49066.76,54356.62,48753.44,54001.39,2320.44,2542.8,2303.64,2532.6,34.358,38.5,34.044,38.165,2.384,2.838,2.347,2.781
1619481600000,54001.38,55460.0,53222.0,55011.97,2532.06,2680.0,2480.29,2666.13,38.165,40.629,37.3,39.63,2.777,3.198,2.71,3.128
1619568000000,55011.97,56428.0,53813.16,54846.22,2666.13,2760.0,2559.44,2748.24,39.63,42.949,37.624,42.901,3.127,3.213,2.812,3.036
1619654400000,54846.23,55195.84,52330.94,53555.0,2748.23,2798.0,2668.0,2757.04,42.876,44.0,39.581,41.05,3.036,3.249,2.891,3.022
1619740800000,53555.0,57963.0,53013.01,57694.27,2757.04,2798.3,2723.09,2772.42,41.028,41.416,39.0,40.624,3.02,3.393,2.956,3.338
1619827200000,57697.25,58458.07,56956.14,57800.37,2772.42,2954.28,2743.41,2944.77,40.646,41.288,39.19,40.339,3.338,3.49,3.167,3.403
1619913600000,57797.35,57911.02,56035.25,56578.21,2944.83,2985.0,2852.26,2949.56,40.346,43.303,39.2,42.62,3.408,3.419,3.091,3.279
1620000000000,56578.21,58981.44,56435.0,57169.39,2949.33,3454.0,2949.32,3431.04,42.619,45.0,41.2,42.277,3.276,3.378,3.18,3.245
1620086400000,57169.39,57200.0,53046.69,53200.01,3431.04,3527.0,3160.0,3239.01,42.282,44.631,39.52,43.108,3.245,3.249,2.807,2.821
1620172800000,53205.05,58069.82,52900.0,57436.11,3239.01,3549.34,3200.23,3524.26,43.091,44.9,41.497,42.423,2.826,3.15,2.744,3.095
1620259200000,57436.11,58360.0,55200.0,56393.68,3524.33,3605.4,3376.47,3489.73,42.409,42.537,39.732,40.222,3.095,3.42,3.017,3.242
1620345600000,56393.68,58650.0,55241.63,57314.75,3489.74,3587.0,3353.23,3479.53,40.224,41.377,38.27,39.74,3.24,3.9,3.109,3.65
1620432000000,57315.49,59500.0,56900.0,58862.05,3479.79,3958.33,3449.27,3910.26,39.733,41.26,38.55,40.498,3.653,3.969,3.463,3.566
1620518400000,58866.53,59300.0,56235.66,58240.84,3910.26,3983.65,3726.08,3923.95,40.48,40.722,38.064,39.43,3.568,3.6,3.245,3.447
1620604800000,58240.83,59500.0,53400.0,55816.14,3923.95,4208.0,3650.0,3945.88,39.422,41.168,33.46,36.372,3.448,3.698,2.8,3.089
1620691200000,55816.14,56862.43,54370.0,56670.02,3946.63,4180.22,3771.64,4173.45,36.378,38.544,35.448,38.515,3.09,3.348,2.957,3.312
1620777600000,56670.02,58000.01,48600.0,49631.32,4173.46,4372.72,3701.58,3823.21,38.519,44.044,35.714,36.87,3.31,3.889,3.147,3.326
1620864000000,49537.15,51367.19,46000.0,49670.97,3810.15,4034.77,3500.0,3717.91,37.079,40.328,33.905,37.345,3.311,4.264,3.0,3.366
1620950400000,49671.92,51483.0,48799.75,49841.45,3717.92,4173.28,3691.35,4075.01,37.341,40.888,37.112,40.4,3.367,3.833,3.311,3.677
1621036800000,49844.16,50700.0,46555.0,46762.99,4075.02,4134.05,3632.0,3646.68,40.406,42.4,36.505,36.607,3.681,3.9,3.157,3.219
1621123200000,46762.99,49795.89,43825.39,46431.5,3646.24,3879.0,3343.06,3582.1,36.593,39.418,34.5,36.598,3.216,3.5,3.0,3.272
1621209600000,46426.83,46686.0,42001.0,43538.04,3581.81,3587.06,3102.0,3282.51,36.597,36.597,31.781,33.232,3.272,3.274,2.85,3.08
1621296000000,43538.02,45799.29,42250.02,42849.78,3282.25,3565.71,3240.0,3375.07,33.251,36.63,32.974,35.028,3.088,3.605,3.036,3.489
1621382400000,42849.78,43584.9,30000.0,36690.09,3375.08,3441.73,1888.0,2438.92,35.009,35.5,16.0,23.169,3.492,3.579,1.5,1.943
1621468800000,36671.23,42451.67,34850.0,40526.64,2438.92,2990.05,2155.0,2768.62,23.118,28.457,20.0,26.333,1.952,2.435,1.623,2.202
1621555200000,40525.39,42200.0,33488.0,37252.01,2767.87,2938.54,2101.0,2430.98,26.347,27.951,18.819,21.945,2.203,2.345,1.521,1.846
1621641600000,37263.35,38829.0,35200.62,37449.73,2430.98,2485.0,2145.0,2294.87,21.943,22.624,18.372,20.338,1.844,1.994,1.54,1.628
1621728000000,37458.51,38270.64,31111.01,34655.25,2295.45,2381.57,1728.74,2096.39,20.371,21.308,13.0,16.709,1.629,1.712,1.057,1.32
1621814400000,34681.44,39920.0,34031.0,38796.29,2096.63,2675.0,2079.94,2648.43,16.709,25.18,16.493,24.684,1.319,1.65,1.274,1.626
1621900800000,38810.99,39791.77,36419.62,38324.72,2647.92,2750.0,2378.54,2705.11,24.68,26.7,21.505,25.106,1.628,1.705,1.389,1.612
1621987200000,38324.72,40841.0,37800.44,39241.91,2705.1,2910.0,2643.0,2884.94,25.097,29.428,24.436,29.42,1.611,1.93,1.574,1.894
1622073600000,39241.92,40411.14,37134.27,38529.98,2884.82,2889.74,2633.68,2742.23,29.382,30.0,26.106,28.549,1.893,1.932,1.648,1.757
1622160000000,38529.99,38877.83,34684.0,35663.49,2742.23,2762.45,2327.38,2412.1,28.538,29.398,24.861,25.875,1.756,1.793,1.5,1.589
1622246400000,35661.79,37338.58,33632.76,34605.15,2412.34,2574.27,2204.1,2278.74,25.886,27.531,21.809,23.169,1.59,1.753,1.48,1.742
1622332800000,34605.15,36488.0,33379.0,35641.27,2278.74,2476.42,2180.53,2385.98,23.171,26.668,21.66,25.716,1.74,1.8,1.615,1.679
1622419200000,35641.26,37499.0,34153.84,37253.81,2385.82,2720.0,2271.44,2706.15,25.7,28.4,23.433,28.239,1.679,1.968,1.599,1.956
1622505600000,37253.82,37894.81,35666.0,36693.09,2706.15,2740.0,2523.74,2634.57,28.239,28.754,25.942,27.426,1.956,2.08,1.784,2.05
1622592000000,36694.85,38225.0,35920.0,37568.68,2634.31,2802.99,2550.0,2706.22,27.413,28.803,26.335,27.626,2.049,2.518,1.983,2.333
1622678400000,37568.68,39476.0,37170.0,39246.79,2706.21,2891.95,2662.4,2857.25,27.626,29.382,26.897,28.687,2.333,2.747,2.297,2.503
1622764800000,39246.78,39289.07,35555.15,36829.0,2857.25,2860.0,2552.0,2689.51,28.68,28.696,25.005,26.422,2.502,2.788,2.152,2.686
1622851200000,36829.15,37925.0,34800.0,35513.2,2689.54,2816.87,2552.23,2627.73,26.423,27.84,25.04,25.641,2.681,2.9,2.4,2.531
1622937600000,35516.07,36480.0,35222.0,35796.31,2627.63,2745.0,2614.0,2711.92,25.628,26.45,25.303,25.861,2.529,2.621,2.402,2.457
1623024000000,35796.31,36900.0,33300.0,33552.79,2711.92,2847.55,2570.0,2592.05,25.863,27.335,23.91,24.269,2.458,2.573,2.119,2.151
1623110400000,33556.96,34068.01,31000.0,33380.81,2592.05,2620.99,2304.91,2507.23,24.263,24.644,20.465,23.424,2.151,2.379,1.982,2.315
1623196800000,33380.8,37534.79,32396.82,37388.05,2507.43,2626.63,2405.28,2610.18,23.412,25.241,22.097,25.096,2.314,2.584,2.162,2.525
1623283200000,37388.05,38491.0,35782.0,36675.72,2610.2,2624.46,2425.11,2471.09,25.094,25.26,23.085,23.582,2.525,2.54,2.21,2.265
1623369600000,36677.83,37680.4,35936.77,37331.98,2471.01,2497.99,2321.37,2354.01,23.577,23.868,21.299,21.848,2.264,2.308,2.062,2.162
1623456000000,37331.98,37463.63,34600.36,35546.11,2354.09,2454.53,2256.22,2370.74,21.848,22.063,20.239,21.296,2.162,2.29,2.003,2.086
1623542400000,35546.12,39380.0,34757.0,39020.57,2370.64,2548.41,2308.41,2509.33,21.281,24.0,20.449,23.255,2.085,2.271,2.052,2.205
1623628800000,39020.56,41064.05,38730.0,40516.29,2509.33,2609.17,2461.0,2580.77,23.255,24.207,22.494,24.16,2.205,2.323,2.15,2.273
1623715200000,40516.28,41330.0,39506.4,40144.04,2580.58,2640.0,2507.7,2543.54,24.159,24.69,23.116,23.417,2.271,2.356,2.192,2.236
1623801600000,40143.8,40527.14,38116.01,38349.01,2543.55,2556.19,2351.18,2367.89,23.416,23.55,21.642,21.828,2.237,2.254,2.041,2.075
1623888000000,38349.0,39559.88,37365.0,38092.97,2368.02,2460.5,2306.0,2373.28,21.828,22.941,21.403,22.184,2.074,2.174,2.01,2.096
1623974400000,38092.97,38202.84,35129.29,35819.84,2373.28,2378.0,2139.0,2234.09,22.182,22.269,19.55,20.388,2.096,2.137,1.842,1.925
1624060800000,35820.48,36457.0,34803.52,35483.72,2234.09,2278.82,2161.67,2164.67,20.4,20.978,19.754,19.76,1.925,1.97,1.854,1.854
1624147200000,35483.72,36137.72,33336.0,35600.16,2165.34,2280.01,2040.68,2243.47,19.763,21.025,18.622,20.704,1.853,1.959,1.744,1.921
1624233600000,35600.17,35750.0,31251.23,31608.93,2243.49,2260.16,1865.54,1885.49,20.705,20.873,15.74,15.774,1.92,1.949,1.418,1.446
1624320000000,31614.12,33298.78,28805.0,32509.56,1885.27,1998.0,1700.48,1879.28,15.787,17.2,13.93,16.421,1.446,1.591,1.216,1.404
1624406400000,32509.56,34881.0,31683.0,33678.07,1879.29,2045.0,1821.95,1968.14,16.411,18.493,15.772,17.802,1.403,1.579,1.337,1.504
1624492800000,33675.07,35298.0,32286.57,34663.09,1967.95,2036.61,1884.79,1989.52,17.804,18.601,16.611,18.051,1.506,1.725,1.441,1.681
1624579200000,34663.08,35500.0,31275.0,31584.45,1989.53,2019.99,1791.22,1808.82,18.052,18.354,15.704,15.822,1.683,1.74,1.43,1.44
1624665600000,31576.09,32730.0,30151.0,32283.65,1808.97,1852.8,1717.32,1829.64,15.821,16.472,15.104,16.122,1.44,1.514,1.365,1.491
1624752000000,32283.65,34749.0,31973.45,34700.34,1829.84,1984.5,1804.26,1982.28,16.119,17.101,15.617,17.097,1.49,1.6,1.437,1.587
1624838400000,34702.49,35297.71,33862.72,34494.89,1982.27,2145.0,1960.52,2084.41,17.082,18.148,16.87,17.727,1.587,1.667,1.552,1.617
1624924800000,34494.89,36600.0,34225.43,35911.73,2084.42,2245.0,2073.57,2165.33,17.734,19.189,17.66,18.652,1.617,1.862,1.603,1.795
1625011200000,35911.72,36100.0,34017.55,35045.0,2165.46,2287.78,2087.99,2275.68,18.64,19.299,17.149,19.278,1.793,1.847,1.674,1.815
1625097600000,35045.0,35057.57,32711.0,33504.69,2275.68,2275.93,2073.12,2106.41,19.279,19.288,17.544,17.779,1.816,1.855,1.65,1.687
1625184000000,33502.33,33977.04,32699.0,33786.55,2106.41,2160.0,2018.5,2154.13,17.781,18.262,16.939,18.213,1.687,1.726,1.566,1.661
1625270400000,33786.54,34945.61,33316.73,34669.13,2153.95,2240.0,2112.01,2226.99,18.216,19.559,17.789,19.474,1.66,1.787,1.63,1.757
1625356800000,34669.12,35967.85,34357.15,35286.51,2226.99,2389.93,2189.58,2322.69,19.474,21.498,18.931,20.757,1.757,1.904,1.701,1.839
1625443200000,35288.13,35293.78,33125.55,33690.14,2322.69,2324.64,2157.32,2196.53,20.751,20.906,19.068,20.063,1.839,1.848,1.687,1.797
1625529600000,33690.15,35118.88,33532.0,34220.01,2196.85,2350.0,2193.0,2322.5,20.062,23.235,20.03,22.376,1.797,2.062,1.793,1.967
1625616000000,34220.02,35059.09,33777.77,33862.12,2322.51,2409.0,2291.9,2316.57,22.373,23.456,21.65,22.253,1.966,2.099,1.93,1.94
1625702400000,33862.11,33929.64,32077.0,32875.71,2316.25,2325.6,2084.79,2116.33,22.254,22.311,19.908,20.353,1.939,1.95,1.709,1.756
1625788800000,32875.71,34100.0,32261.07,33815.81,2116.32,2189.4,2046.51,2146.99,20.342,21.686,19.78,20.986,1.754,1.796,1.676,1.768
1625875200000,33815.81,34262.0,33004.78,33502.87,2146.99,2194.82,2074.16,2110.69,20.978,21.515,19.95,20.244,1.767,1.809,1.658,1.749
1625961600000,33502.87,34666.0,33306.47,34258.99,2110.68,2174.0,2081.02,2140.45,20.245,20.947,19.98,20.7,1.749,1.78,1.715,1.76
1626048000000,34259.0,34678.43,32658.34,33086.63,2140.54,2167.83,2006.68,2031.58,20.7,21.45,19.205,19.528,1.76,1.791,1.639,1.68
1626134400000,33086.94,33340.0,32202.25,32729.77,2031.57,2047.35,1918.0,1940.15,19.531,19.738,18.172,18.47,1.679,1.69,1.567,1.605
1626220800000,32729.12,33114.03,31550.0,32820.02,1940.44,2019.18,1865.0,1994.58,18.461,18.542,16.721,17.885,1.604,1.632,1.504,1.597
1626307200000,32820.03,33185.25,31133.0,31880.0,1994.41,2042.88,1881.0,1919.51,17.889,18.389,16.797,17.068,1.598,1.649,1.486,1.505
1626393600000,31874.49,32249.18,31020.0,31383.87,1919.54,1965.0,1850.0,1876.26,17.07,17.6,15.918,16.337,1.505,1.544,1.41,1.416
1626480000000,31383.86,31955.92,31164.31,31520.07,1876.47,1919.19,1844.45,1899.59,16.353,16.744,15.928,16.098,1.417,1.465,1.393,1.425
1626566400000,31520.07,32435.0,31108.97,31778.56,1899.5,1993.79,1877.1,1891.64,16.112,17.168,16.024,16.305,1.426,1.509,1.393,1.412
1626652800000,31778.57,31899.0,30407.44,30839.65,1891.65,1919.0,1805.0,1818.73,16.311,16.791,15.398,15.742,1.412,1.42,1.323,1.341
1626739200000,30839.65,31063.07,29278.0,29790.35,1818.73,1841.34,1706.0,1786.03,15.735,15.97,14.394,14.554,1.341,1.371,1.222,1.282
1626825600000,29790.34,32858.0,29482.61,32144.51,1786.03,2035.23,1747.55,1995.5,14.569,16.876,14.013,16.727,1.28,1.474,1.244,1.449
1626912000000,32144.51,32591.35,31708.0,32287.83,1995.5,2046.0,1947.62,2024.56,16.727,17.617,16.066,17.579,1.448,1.549,1.414,1.543
1626998400000,32287.58,33650.0,31924.32,33634.09,2024.27,2130.9,1993.22,2124.25,17.572,18.692,16.933,18.603,1.543,1.618,1.477,1.603
1627084800000,33634.1,34500.0,33401.14,34258.14,2124.26,2199.5,2105.58,2184.75,18.6,18.941,18.031,18.239,1.604,1.617,1.513,1.548
1627171200000,34261.51,35398.0,33851.12,35381.02,2184.9,2197.41,2105.93,2189.79,18.243,18.446,17.242,18.285,1.545,1.558,1.459,1.524
1627257600000,35381.02,40550.0,35205.78,37237.6,2189.82,2433.65,2171.57,2228.08,18.273,20.319,18.174,18.527,1.525,1.71,1.516,1.53
1627344000000,37241.33,39542.61,36383.0,39457.87,2227.81,2319.26,2150.5,2299.49,18.525,19.245,17.67,18.887,1.531,1.586,1.472,1.569
1627430400000,39456.61,40900.0,38772.0,40019.56,2299.47,2345.0,2243.15,2300.9,18.89,19.467,18.52,19.065,1.569,1.584,1.493,1.543
1627516800000,40019.57,40640.0,39200.0,40016.48,2300.9,2400.0,2266.12,2382.92,19.061,19.808,18.571,19.58,1.544,1.633,1.508,1.623
1627603200000,40018.49,42316.71,38313.23,42206.37,2382.93,2471.7,2315.92,2461.81,19.576,21.064,19.34,20.917,1.623,1.71,1.525,1.698
1627689600000,42206.36,42448.0,41000.15,41461.83,2461.77,2553.86,2420.68,2531.05,20.919,21.954,20.672,21.767,1.699,1.764,1.645,1.712
1627776000000,41461.84,42599.0,39422.01,39845.44,2531.1,2697.61,2511.24,2555.69,21.764,23.22,21.546,21.979,1.71,1.78,1.636,1.658
1627862400000,39850.27,40480.01,38690.0,39147.82,2555.5,2666.0,2507.0,2606.93,21.976,23.099,21.391,22.382,1.658,1.692,1.606,1.626
1627948800000,39146.86,39780.0,37642.03,38207.05,2606.92,2632.44,2442.32,2509.04,22.382,22.74,20.624,21.326,1.624,1.638,1.535,1.568
1628035200000,38207.04,39969.66,37508.56,39723.18,2508.51,2772.71,2457.68,2724.78,21.339,23.731,20.767,23.536,1.569,1.649,1.531,1.624
1628121600000,39723.17,41350.0,37332.7,40862.46,2724.55,2843.98,2529.91,2826.99,23.53,25.579,22.057,25.44,1.625,1.825,1.587,1.771
1628208000000,40862.46,43392.43,39853.86,42836.87,2827.01,2946.75,2720.06,2891.58,25.431,27.005,24.536,26.178,1.771,1.976,1.693,1.923
1628294400000,42836.87,44700.0,42446.41,44572.54,2891.54,3171.0,2865.5,3160.31,26.178,29.0,25.8,28.3,1.924,1.98,1.816,1.912
1628380800000,44572.54,45310.0,43261.0,43794.37,3160.48,3189.99,2949.03,3011.85,28.302,28.703,25.949,26.722,1.914,1.94,1.72,1.755
1628467200000,43794.36,46454.15,42779.0,46253.4,3011.84,3186.0,2893.23,3160.52,26.697,28.78,25.378,28.352,1.756,1.908,1.707,1.875
1628553600000,46248.87,46700.0,44589.46,45584.99,3160.51,3233.0,3051.22,3141.66,28.351,30.212,28.165,28.755,1.873,2.078,1.831,2.065
1628640000000,45585.0,46743.47,45341.14,45511.0,3141.14,3274.0,3120.27,3160.5,28.756,30.426,28.725,28.95,2.065,2.193,2.022,2.039
1628726400000,45510.67,46218.12,43770.0,44399.0,3160.4,3239.0,2979.29,3045.96,28.938,29.898,26.861,28.087,2.038,2.15,1.927,2.032
1628812800000,44400.06,47886.0,44217.39,47800.0,3046.11,3327.83,3033.8,3322.32,28.092,30.617,27.845,30.507,2.03,2.378,2.023,2.36
1628899200000,47799.99,48144.0,45971.03,47068.51,3322.33,3330.98,3200.0,3263.16,30.514,30.65,28.676,30.11,2.362,2.363,2.157,2.262
1628985600000,47068.5,47372.27,45500.0,46973.82,3263.16,3320.0,3111.13,3307.09,30.113,30.456,28.28,30.239,2.261,2.292,2.076,2.22
1629072000000,46973.82,48053.83,45660.0,45901.29,3307.35,3335.0,3135.22,3146.53,30.239,31.257,28.992,29.072,2.221,2.288,2.088,2.121
1629158400000,45901.3,47160.0,44376.0,44695.95,3147.18,3290.0,2991.89,3011.72,29.072,30.809,25.882,26.416,2.121,2.236,1.9,1.921
1629244800000,44695.95,46000.0,44203.28,44705.29,3011.73,3125.81,2950.0,3014.55,26.404,27.35,25.37,26.313,1.921,2.016,1.846,1.911
1629331200000,44699.37,47033.0,43927.7,46760.62,3014.18,3188.0,2958.33,3184.12,26.319,27.99,25.306,27.962,1.914,2.153,1.869,2.151
1629417600000,46760.62,49382.99,46622.99,49322.47,3184.11,3300.0,3177.16,3284.82,27.959,29.233,27.514,28.886,2.151,2.35,2.126,2.269
1629504000000,49322.47,49757.04,48222.0,48821.87,3284.81,3309.16,3207.0,3223.43,28.887,29.724,28.175,28.237,2.268,2.324,2.15,2.222
1629590400000,48821.88,49500.0,48050.0,49239.22,3223.36,3272.0,3126.42,3238.0,28.229,29.2,27.113,28.4,2.221,2.469,2.179,2.44
1629676800000,49239.22,50500.0,49029.0,49488.85,3238.0,3377.89,3230.02,3321.28,28.4,29.627,28.363,28.8,2.442,2.516,2.276,2.367
1629763200000,49488.85,49860.0,47600.0,47674.01,3321.28,3357.85,3147.31,3170.62,28.79,29.236,26.5,26.609,2.366,2.388,2.079,2.096
1629849600000,47674.01,49264.3,47126.28,48973.32,3170.63,3248.0,3080.0,3226.87,26.614,27.455,25.68,27.064,2.096,2.25,2.085,2.197
1629936000000,48973.32,49352.84,46250.0,46843.87,3226.88,3250.0,3053.3,3093.2,27.052,27.669,25.02,25.51,2.197,2.24,2.008,2.049
1630022400000,46843.86,49149.93,46348.0,49069.9,3093.06,3280.0,3060.18,3273.45,25.52,27.478,25.02,27.41,2.049,2.194,1.983,2.182
1630108800000,49069.9,49299.0,48346.88,48895.35,3273.89,3287.0,3210.31,3244.48,27.43,27.6,26.62,26.81,2.182,2.25,2.073,2.096
1630195200000,48895.35,49632.27,47762.54,48767.83,3244.75,3285.0,3152.34,3223.47,26.84,27.67,26.15,26.78,2.096,2.17,2.033,2.103
1630281600000,48767.84,48888.61,46853.0,46982.91,3223.47,3347.95,3143.0,3229.64,26.8,28.22,25.55,26.84,2.103,2.274,2.019,2.095
1630368000000,46982.91,48246.11,46700.0,47100.89,3229.14,3476.0,3188.77,3429.2,26.84,29.79,26.15,29.38,2.097,2.4,2.043,2.235
1630454400000,47100.89,49156.0,46512.0,48810.52,3429.19,3842.0,3382.22,3826.82,29.37,31.385,28.69,31.35,2.234,2.316,2.16,2.307
1630540800000,48810.51,50450.13,48584.06,49246.64,3826.82,3836.8,3717.04,3785.82,31.33,31.41,29.48,29.93,2.308,2.308,2.201,2.205
1630627200000,49246.63,51000.0,48316.84,49999.14,3785.82,4027.88,3705.05,3938.11,29.93,31.21,28.31,28.65,2.205,2.275,2.16,2.206
1630713600000,49998.0,50535.69,49370.0,49915.64,3938.11,3970.0,3832.5,3885.52,28.66,29.48,28.2,28.56,2.207,2.339,2.187,2.271
1630800000000,49917.54,51900.0,49450.0,51756.88,3885.61,3980.0,3830.0,3950.29,28.57,29.5,28.25,29.37,2.271,2.545,2.246,2.48
1630886400000,51756.88,52780.0,50969.33,52663.9,3950.28,3970.0,3864.3,3926.77,29.35,30.3,28.11,28.84,2.481,2.667,2.34,2.486
1630972800000,52666.2,52920.0,42843.05,46863.73,3926.67,3947.15,3005.0,3434.57,28.84,29.33,21.0,24.32,2.488,2.501,1.637,1.992
1631059200000,46868.57,47340.99,44412.02,46048.31,3434.84,3560.0,3215.16,3499.0,24.34,24.98,21.35,23.15,1.993,2.057,1.821,1.987
1631145600000,46048.31,47399.97,45513.08,46395.14,3499.01,3567.06,3390.4,3424.93,23.15,24.73,22.71,23.32,1.99,2.432,1.911,2.384
1631232000000,46395.14,47033.0,44132.29,44850.91,3424.94,3514.11,3150.0,3208.86,23.31,24.26,21.4,22.31,2.384,2.475,2.055,2.144
1631318400000,44842.2,45987.93,44722.22,45173.69,3208.85,3348.37,3200.0,3267.21,22.3,23.91,22.23,22.73,2.144,2.33,2.122,2.269
1631404800000,45173.68,46460.0,44742.06,46025.24,3267.1,3474.16,3231.1,3404.21,22.73,24.28,22.16,23.74,2.27,2.433,2.202,2.421
1631491200000,46025.23,46880.0,43370.0,44940.73,3404.3,3430.3,3108.49,3285.35,23.74,24.05,21.37,22.66,2.421,2.481,2.044,2.359
1631577600000,44940.72,47250.0,44594.44,47111.52,3285.09,3437.05,3269.95,3434.37,22.66,25.93,22.47,25.68,2.359,2.854,2.355,2.8
1631664000000,47103.28,48500.0,46682.32,48121.41,3434.37,3616.16,3357.78,3613.55,25.67,27.47,24.69,27.47,2.798,3.214,2.716,3.013
1631750400000,48121.4,48557.0,47021.1,47737.82,3613.55,3676.28,3481.14,3567.98,27.48,27.62,25.22,26.23,3.013,3.445,2.92,3.107
1631836800000,47737.81,48150.0,46699.56,47299.98,3567.97,3594.17,3350.07,3399.81,26.24,26.4,24.0,24.32,3.108,3.235,2.773,2.807
1631923200000,47299.98,48843.2,47035.56,48292.74,3399.89,3541.96,3368.88,3435.64,24.33,25.22,23.93,24.54,2.807,2.975,2.696,2.885
1632009600000,48292.75,48372.83,46829.18,47241.75,3435.64,3456.53,3277.74,3328.62,24.53,24.65,23.5,23.87,2.885,3.097,2.677,3.046
1632096000000,47241.75,47347.25,42500.0,43015.62,3328.57,3347.82,2913.39,2977.28,23.89,23.99,20.38,20.9,3.044,3.143,2.332,2.41
1632182400000,43016.64,43639.0,39600.0,40734.38,2977.32,3105.83,2652.0,2765.9,20.89,21.64,18.33,19.06,2.409,2.667,2.126,2.2
1632268800000,40734.09,44000.55,40565.39,43543.61,2766.72,3088.88,2737.54,3076.92,19.07,21.66,18.85,21.62,2.199,2.522,2.147,2.45
1632355200000,43546.37,44978.0,43069.09,44865.26,3076.92,3174.5,3033.85,3152.5,21.62,21.84,20.88,21.5,2.449,2.837,2.354,2.788
1632441600000,44865.26,45200.0,40675.0,42810.57,3152.41,3158.52,2733.0,2928.53,21.5,21.63,18.17,19.65,2.787,2.795,2.248,2.426
1632528000000,42810.58,42966.84,41646.28,42670.64,2928.22,2967.52,2801.57,2921.73,19.65,20.1,18.94,19.47,2.428,2.48,2.263,2.31
1632614400000,42670.63,43950.0,40750.0,43160.9,2921.84,3115.51,2738.17,3059.37,19.47,24.76,17.73,24.04,2.308,2.62,2.063,2.543
1632700800000,43160.9,44350.0,42098.0,42147.35,3059.36,3164.94,2922.71,2925.59,24.04,26.03,22.26,22.38,2.543,2.752,2.357,2.369
1632787200000,42147.35,42787.38,40888.0,41026.54,2924.76,2970.82,2789.0,2804.91,22.39,25.0,22.15,23.07,2.369,2.42,2.219,2.226
1632873600000,41025.01,42590.0,40753.88,41524.28,2805.15,2950.0,2782.0,2850.45,23.07,24.28,22.31,23.01,2.225,2.401,2.212,2.289
1632960000000,41524.29,44141.37,41410.17,43824.1,2850.45,3048.42,2837.19,3000.61,23.01,23.96,22.62,23.53,2.289,2.402,2.253,2.336
1633046400000,43820.01,48495.0,43283.03,48141.61,3000.62,3330.0,2969.07,3309.91,23.53,25.85,23.48,25.64,2.336,2.558,2.285,2.532
1633132800000,48141.6,48336.59,47430.18,47634.9,3309.91,3469.0,3257.0,3387.76,25.63,27.23,25.35,26.15,2.532,2.659,2.457,2.535
1633219200000,47634.89,49228.08,47088.0,48200.01,3387.77,3488.0,3342.51,3417.73,26.14,26.61,25.61,26.0,2.534,2.962,2.48,2.817
1633305600000,48200.01,49536.12,46891.0,49224.94,3417.73,3437.19,3270.0,3386.31,26.01,26.02,24.22,25.34,2.817,2.909,2.63,2.883
1633392000000,49224.93,51886.3,49022.4,51471.99,3386.31,3545.0,3363.78,3515.27,25.33,25.9,24.56,25.64,2.883,3.036,2.754,2.936
1633478400000,51471.99,55750.0,50382.41,55315.0,3515.48,3632.11,3342.0,3574.89,25.64,26.04,23.79,25.25,2.936,2.943,2.625,2.738
1633564800000,55315.0,55332.31,53357.0,53785.22,3574.88,3653.98,3470.8,3587.47,25.24,26.3,24.44,25.52,2.739,2.901,2.651,2.813
1633651200000,53785.22,56100.0,53617.61,53951.43,3587.47,3695.0,3532.0,3563.13,25.53,26.1,24.62,24.76,2.815,2.964,2.75,2.959
1633737600000,53955.67,55489.0,53661.67,54949.72,3563.13,3635.0,3538.07,3574.82,24.77,25.95,24.53,25.12,2.959,3.097,2.864,2.907
1633824000000,54949.72,56561.31,54080.0,54659.0,3574.83,3604.0,3405.0,3414.22,25.15,26.0,24.08,24.17,2.908,2.911,2.678,2.698
1633910400000,54659.01,57839.04,54415.06,57471.35,3414.22,3623.8,3371.0,3542.12,24.15,25.13,23.5,24.16,2.697,2.812,2.632,2.695
1633996800000,57471.35,57680.0,53879.0,55996.93,3542.12,3547.11,3403.21,3491.46,24.16,24.18,22.3,23.46,2.696,2.706,2.519,2.689
1634083200000,55996.91,57777.0,54167.19,57367.0,3491.43,3613.0,3412.7,3607.42,23.47,25.8,23.13,24.68,2.688,3.0,2.646,2.96
1634169600000,57370.83,58532.54,56818.05,57347.94,3607.41,3824.0,3586.04,3790.82,24.7,27.0,24.52,26.43,2.96,3.157,2.858,2.891
1634256000000,57347.94,62933.0,56850.0,61672.42,3790.82,3907.77,3734.1,3868.99,26.44,26.86,25.34,25.9,2.89,3.02,2.803,2.898
1634342400000,61672.42,62378.42,60150.0,60875.57,3868.38,3971.0,3803.56,3829.96,25.88,27.99,25.73,27.06,2.899,3.08,2.881,2.91
1634428800000,60875.57,61718.39,58963.0,61528.33,3829.96,3919.19,3640.0,3846.85,27.06,27.14,25.0,25.91,2.911,2.918,2.725,2.869
1634515200000,61528.32,62695.78,59844.45,62009.84,3847.0,3893.14,3676.0,3744.96,25.92,26.24,24.85,25.64,2.869,2.875,2.722,2.795
1634601600000,62005.6,64486.0,61322.22,64280.59,3744.96,3886.89,3732.0,3877.03,25.64,26.31,25.23,26.02,2.795,2.848,2.682,2.792
1634688000000,64280.59,67000.0,63481.4,66001.41,3876.98,4169.0,3828.05,4161.15,26.03,27.14,25.5,27.12,2.792,2.97,2.79,2.938
1634774400000,66001.4,66639.74,62000.0,62193.15,4161.37,4375.0,4013.13,4052.99,27.12,27.76,25.72,26.11,2.937,3.055,2.838,2.857
1634860800000,62193.15,63732.39,60000.0,60688.22,4053.0,4167.41,3888.0,3972.2,26.1,26.86,25.33,25.63,2.857,3.374,2.856,3.338
1634947200000,60688.23,61747.64,59562.15,61286.75,3972.19,4172.0,3937.51,4167.12,25.63,26.89,25.26,26.84,3.338,3.79,3.173,3.692
1635033600000,61286.75,61500.0,59510.63,60852.22,4167.13,4186.57,3961.5,4082.33,26.85,27.25,25.35,25.79,3.692,3.95,3.455,3.502
1635120000000,60852.22,63710.63,60650.0,63078.78,4082.33,4236.0,4067.71,4220.37,25.78,26.76,25.69,26.75,3.502,4.84,3.485,4.798
1635206400000,63078.78,63293.48,59817.55,60328.81,4220.36,4297.0,4090.21,4131.52,26.75,28.3,26.09,26.55,4.795,5.288,4.522,4.637
1635292800000,60328.81,61496.0,58000.0,58413.44,4131.52,4307.0,3909.0,3922.0,26.57,28.31,23.5,24.17,4.638,4.724,4.033,4.448
1635379200000,58413.44,62499.0,57820.0,60575.89,3921.99,4295.0,3890.17,4286.02,24.16,25.37,23.91,24.89,4.444,5.5,4.44,4.757
1635465600000,60575.9,62980.0,60174.81,62253.71,4286.01,4460.47,4265.97,4418.89,24.9,25.81,24.66,25.53,4.756,5.012,4.557,4.673
1635552000000,62253.7,62359.25,60673.0,61859.19,4418.89,4434.06,4232.2,4322.68,25.54,25.6,24.4,24.91,4.673,5.322,4.551,4.736
1635638400000,61859.19,62405.3,59945.36,60203.9,4322.68,4399.14,4164.35,4189.13,24.91,25.21,23.99,24.17,4.736,4.741,4.336,4.418
